,timeCode,blendShapes.EyeBlinkLeft,blendShapes.EyeLookDownLeft,blendShapes.EyeLookInLeft,blendShapes.EyeLookOutLeft,blendShapes.EyeLookUpLeft,blendShapes.EyeSquintLeft,blendShapes.EyeWideLeft,blendShapes.EyeBlinkRight,blendShapes.EyeLookDownRight,blendShapes.EyeLookInRight,blendShapes.EyeLookOutRight,blendShapes.EyeLookUpRight,blendShapes.EyeSquintRight,blendShapes.EyeWideRight,blendShapes.JawForward,blendShapes.JawLeft,blendShapes.JawRight,blendShapes.JawOpen,blendShapes.MouthClose,blendShapes.MouthFunnel,blendShapes.MouthPucker,blendShapes.MouthLeft,blendShapes.MouthRight,blendShapes.MouthSmileLeft,blendShapes.MouthSmileRight,blendShapes.MouthFrownLeft,blendShapes.MouthFrownRight,blendShapes.MouthDimpleLeft,blendShapes.MouthDimpleRight,blendShapes.MouthStretchLeft,blendShapes.MouthStretchRight,blendShapes.MouthRollLower,blendShapes.MouthRollUpper,blendShapes.MouthShrugLower,blendShapes.MouthShrugUpper,blendShapes.MouthPressLeft,blendShapes.MouthPressRight,blendShapes.MouthLowerDownLeft,blendShapes.MouthLowerDownRight,blendShapes.MouthUpperUpLeft,blendShapes.MouthUpperUpRight,blendShapes.BrowDownLeft,blendShapes.BrowDownRight,blendShapes.BrowInnerUp,blendShapes.BrowOuterUpLeft,blendShapes.BrowOuterUpRight,blendShapes.CheekPuff,blendShapes.CheekSquintLeft,blendShapes.CheekSquintRight,blendShapes.NoseSneerLeft,blendShapes.NoseSneerRight,blendShapes.TongueOut,blendShapes.HeadRoll,blendShapes.HeadPitch,blendShapes.HeadYaw,blendShapes.TongueTipUp,blendShapes.TongueTipDown,blendShapes.TongueTipLeft,blendShapes.TongueTipRight,blendShapes.TongueRollUp,blendShapes.TongueRollDown,blendShapes.TongueRollLeft,blendShapes.TongueRollRight,blendShapes.TongueUp,blendShapes.TongueDown,blendShapes.TongueLeft,blendShapes.TongueRight,blendShapes.TongueIn,blendShapes.TongueStretch,blendShapes.TongueWide,blendShapes.TongueNarrow
0,0.0,0.0,0.0,0.0,0.0,0.0,0.0,0.0,2.4929800019890536e-06,0.0,0.0,0.0,0.0,0.0,0.0,0.005745291709899902,0.0,0.001352936145849526,0.0,0.0,0.0,0.0,0.0,0.00014307106903288513,0.01358179934322834,0.014589615166187286,0.0,0.0,0.002937001409009099,0.0026985188014805317,0.0020442309323698282,0.00211984827183187,0.010924473404884338,0.0,0.02433040365576744,0.010036159306764603,0.007759973406791687,0.0077539714984595776,0.0,0.0,0.0045930142514407635,0.004678566940128803,0.0,0.0,0.0,0.005731556098908186,0.006249630358070135,0.0,0.0,0.0,0.0,0.0,0.0,0.0,0.0,0.0,0.0,0.007412608712911606,0.0012695081532001495,0.0,0.0,0.04295099526643753,0.0,0.0,0.0,0.37905246019363403,0.0011503829155117273,0.0,0.013036107644438744,0.0,0.0,0.18585309386253357
1,0.03333333333333333,0.0,0.0,0.0,0.0,0.0,0.0,0.005775769706815481,0.0,0.0,0.0,0.0,0.0,0.0,0.005765469279140234,0.005727681796997786,0.0006286152056418359,0.0019083366496488452,0.0,0.0,0.0,0.0,0.0,0.0013872117269784212,0.03796499967575073,0.0403151772916317,0.0,0.0,0.006297287065535784,0.006522415205836296,0.001242406782694161,0.001363598508760333,0.012118002399802208,0.0,0.05895392596721649,0.013364352285861969,0.014823749661445618,0.015427841804921627,0.0,0.0,0.014471583068370819,0.014399743638932705,0.0,0.0,0.0,0.023504242300987244,0.024373212829232216,0.0011627357453107834,0.0,2.86721988231875e-05,0.0,1.8134231140720658e-05,0.0,0.0,0.0,0.0,0.0,0.0,0.007670685648918152,0.0,0.0,0.0740777924656868,0.0,0.0,0.0,0.4322799742221832,0.00309174507856369,0.0,0.07743698358535767,0.0,0.0,0.2670983672142029
2,0.06666666666666667,0.0,0.0,0.0,0.0,0.0,0.0,0.004436961840838194,0.0,0.0,0.0,0.0,0.0,0.0,0.004448841325938702,0.003674327163025737,0.0005899941315874457,0.001838920870795846,0.0,0.0,0.0,0.0,0.0,0.0012499982258304954,0.04403020441532135,0.04598432034254074,0.0,0.0,0.008134626783430576,0.00824365671724081,0.0017339499900117517,0.0018355370266363025,0.012941475957632065,0.0,0.050918374210596085,0.015480905771255493,0.00742253428325057,0.008573349565267563,0.0,0.0,0.017334869131445885,0.017329642549157143,0.0,0.0,0.0,0.020554643124341965,0.02145831473171711,0.0,0.0,0.0,3.7876259739277884e-05,0.00018423006986267865,0.0,0.0,0.0,0.0,0.0,0.0,0.0064833760261535645,0.0,0.0,0.06860630959272385,0.0,0.0,0.0,0.4191548824310303,0.002742994576692581,0.0,0.06533285975456238,0.0,0.0,0.24845999479293823
3,0.1,0.0,0.0,0.0,0.0,0.0,0.0,0.005421922076493502,0.0,0.0,0.0,0.0,0.0,0.0,0.005582628771662712,0.0,0.0,0.004385554697364569,0.06855181604623795,0.0,0.0,0.0,0.0,0.0011157174594700336,0.06167038157582283,0.06230391189455986,0.0,0.0,0.01075428631156683,0.010659090243279934,0.005446793977171183,0.005574336275458336,0.013047883287072182,0.0,0.0,0.02353663183748722,0.0,0.0012843110598623753,0.0,0.001045052194967866,0.018242429941892624,0.019846869632601738,0.0,0.0,0.0,0.025973597541451454,0.02759460359811783,0.0,0.0,0.0,0.0,1.4449699847318698e-05,0.0,0.0,0.0,0.0,0.0,0.0,0.007379129528999329,0.0,0.0,0.05525883659720421,0.0,0.0,0.0,0.34751981496810913,0.0026612672954797745,0.0,0.0740477591753006,0.0,0.0,0.18889591097831726
4,0.13333333333333333,0.0,0.0,0.0,0.0,0.0,0.0,0.007403646595776081,0.0,0.0,0.0,0.0,0.0,0.0,0.007503733038902283,0.005911772605031729,0.0,0.004626353736966848,0.0615057498216629,0.0,0.0003983652568422258,0.0,0.0,0.0018300263909623027,0.044971928000450134,0.04789924621582031,0.0,0.0,0.009376244619488716,0.009854323230683804,0.0033819430973380804,0.003564344486221671,0.0,0.0,0.0,0.030721625313162804,0.0,0.00022341939620673656,0.005857461132109165,0.007382586598396301,0.03562534973025322,0.03713030740618706,0.0,0.0,0.0,0.02811378240585327,0.029614590108394623,0.0,0.0,0.000314009259454906,0.0013397972797974944,0.0017503335839137435,0.0,0.0,0.0,0.0,0.0,0.0,0.00654921680688858,0.0,0.0,0.059442777186632156,0.0,0.0,0.0,0.3767157793045044,0.0028267651796340942,0.0,0.0692048966884613,0.0,0.0,0.2083209902048111
5,0.16666666666666666,0.0,0.0,0.0,0.0,0.0,0.0,0.006788793485611677,0.0,0.0,0.0,0.0,0.0,0.0,0.006897296290844679,0.013607420027256012,0.0,0.007290776818990707,0.12063656747341156,0.0,0.01087266393005848,0.0,0.0,0.0020600215066224337,0.054097503423690796,0.05596344545483589,0.0,0.0,0.01182037778198719,0.012048973701894283,0.00432640640065074,0.004406958818435669,0.0,0.0,0.0,0.039309967309236526,0.0,0.0,0.010908801108598709,0.0130267683416605,0.04699551686644554,0.049194496124982834,0.0,0.0,0.0,0.030607039108872414,0.03225922957062721,0.0,0.0,0.0003641526564024389,0.0016490448033437133,0.0023873799946159124,0.0,0.0,0.0,0.0,0.0,0.0,0.006830565631389618,0.0,0.0,0.06869318336248398,0.0,0.0,0.0,0.3978344798088074,0.002834584563970566,0.0,0.06757838279008865,0.0,0.0,0.23820070922374725
6,0.2,0.0,0.0,0.0,0.0,0.0,0.0,0.004843071568757296,0.0,0.0,0.0,0.0,0.0,0.0,0.004975197836756706,0.018928147852420807,0.0,0.007752671372145414,0.15538887679576874,0.0,0.009881445206701756,0.0,0.0,0.0016809295630082488,0.05146266147494316,0.051577042788267136,0.0,0.0,0.010783225297927856,0.010765565559267998,0.004601491615176201,0.00460219569504261,0.0,0.0,0.0,0.04078596830368042,0.0,0.0,0.01280493475496769,0.01521021593362093,0.04932631552219391,0.051721375435590744,0.0,0.0,0.0,0.03024384193122387,0.03185220807790756,0.0,0.0,0.0003523712221067399,0.0018711533630266786,0.00270543759688735,0.0,0.0,0.0,0.0,0.0,0.0,0.0021669678390026093,0.0,0.0,0.03501604497432709,0.0,0.0,0.0,0.3004922866821289,0.0014383550733327866,0.0,0.023744259029626846,0.0,0.0,0.11786307394504547
7,0.23333333333333334,0.0,0.0,0.0,0.0,0.0,0.0,0.005436829291284084,0.0,0.0,0.0,0.0,0.0,0.0,0.005552017129957676,0.017627818509936333,0.0,0.007841247133910656,0.15516777336597443,0.0,0.008639173582196236,0.0,0.0,0.0018084393814206123,0.05304504558444023,0.052585113793611526,0.0,0.0,0.010084581561386585,0.010042802430689335,0.004554585088044405,0.004565981682389975,0.0,0.0,0.0,0.04305701702833176,0.0,0.0,0.012367432937026024,0.014920166693627834,0.05311533808708191,0.05556502565741539,0.0,0.0,0.0,0.030756400898098946,0.03235545754432678,0.0,0.0,0.00029112480115145445,0.002930897055193782,0.0037650137674063444,0.0,0.0,0.0,0.0,0.0,0.0,0.0011159628629684448,0.0,0.0,0.033840201795101166,0.0,0.0,0.0,0.298575758934021,0.001081826165318489,0.0,0.011072560213506222,0.0,0.0,0.11404062807559967
8,0.26666666666666666,0.0,0.0,0.0,0.0,0.0,0.0,0.006135984323918819,0.0,0.0,0.0,0.0,0.0,0.0,0.006222748663276434,0.014917129650712013,0.0,0.0080638462677598,0.1623208075761795,0.0,0.00442856177687645,0.0,0.0,0.0017300613690167665,0.059337347745895386,0.0574093833565712,0.0,0.0,0.010977815836668015,0.010682781226933002,0.004593107383698225,0.004598092753440142,0.0,0.0,0.0,0.046034570783376694,0.0,0.0,0.01277557946741581,0.015667663887143135,0.05840446427464485,0.06088804826140404,0.0,0.0,0.0,0.032864801585674286,0.03446377068758011,0.0,0.0,0.00020728488743770868,0.0036583393812179565,0.004567807540297508,0.0,0.0,0.0,0.0,0.0,0.0,0.0018277205526828766,0.0,0.0,0.03541909158229828,0.0,0.0,0.0,0.29508301615715027,0.001067805103957653,0.0,0.015526846051216125,0.0,0.0,0.11767486482858658
9,0.3,0.0,0.0,0.0,0.0,0.0,0.0,0.003609843086451292,0.0,0.0,0.0,0.0,0.0,0.0,0.0037275897338986397,0.013593420386314392,0.0,0.005604463163763285,0.12364977598190308,0.0,0.019660811871290207,0.0,0.0,0.0014506716979667544,0.05016414448618889,0.04881518706679344,0.0,0.0,0.009057411924004555,0.009020759724080563,0.0035978450905531645,0.0036715788301080465,0.0,0.0,0.0,0.040867988020181656,0.0,0.0,0.009367960505187511,0.011720131151378155,0.05313537269830704,0.05484944209456444,0.0,0.0,0.0,0.03298191353678703,0.03445664048194885,0.0,0.0,0.00014314125292003155,0.004633377771824598,0.005215808283537626,0.0,0.0,0.0,0.0,0.0,0.0,0.0,0.0,0.0,0.016535649076104164,0.0,0.0,0.0,0.24716660380363464,0.0004994436749257147,0.0,0.00021788279991596937,0.0,0.0,0.05374617502093315
10,0.3333333333333333,0.0,0.0,0.0,0.0,0.0,0.0,0.003916831221431494,0.0,0.0,0.0,0.0,0.0,0.0,0.004004396498203278,0.0154969971626997,0.0,0.005090251099318266,0.10443958640098572,0.0,0.03735572472214699,0.0,0.0,0.0016952649457380176,0.04638594016432762,0.04591915011405945,0.0,0.0,0.008639516308903694,0.008785244077444077,0.0030732976738363504,0.0031897735316306353,0.0,0.0,0.0,0.03888659551739693,0.0,0.0,0.008201885037124157,0.010260784067213535,0.05132114887237549,0.05288034677505493,0.0,0.0,0.0,0.03414343670010567,0.03548107296228409,0.0,0.0,0.0001201700433739461,0.005214989185333252,0.005717373453080654,0.0,0.0,0.0,0.0,0.0,0.0,0.0012131817638874054,0.0,0.0,0.019318167120218277,0.0,0.0,0.0,0.24562755227088928,0.0007018069736659527,0.0,0.01165025308728218,0.0,0.0,0.06131221726536751
11,0.36666666666666664,0.0,0.0,0.0,0.0,0.0,0.0,0.004646621644496918,0.0,0.0,0.0,0.0,0.0,0.0,0.004706100095063448,0.01614503748714924,0.0,0.004399261903017759,0.09002348780632019,0.0,0.05877848342061043,0.0,0.0,0.002162473276257515,0.03845837712287903,0.03962531313300133,0.0,0.0,0.006501295603811741,0.007074058521538973,0.0023185708560049534,0.002465801080688834,0.0,0.0,0.0,0.035541146993637085,0.0,0.0,0.006785908248275518,0.00823786947876215,0.047811031341552734,0.049107156693935394,0.0,0.0,0.0,0.035878006368875504,0.037191204726696014,0.0,0.0,0.00022320453717838973,0.005728911142796278,0.0061041186563670635,0.0,0.0,0.0,0.0,0.0,0.0,0.0013506775721907616,0.0,0.0,0.00959037896245718,0.0,0.0,0.0,0.21378016471862793,0.0007453989237546921,0.0,0.016816547140479088,0.0,0.0,0.025943033397197723
12,0.4,0.0,0.0,0.0,0.0,0.0,0.0,0.003204050939530134,0.0,0.0,0.0,0.0,0.0,0.0,0.003309774212539196,0.010641486383974552,0.0,0.0027709638234227896,0.06967643648386002,0.0,0.05267242342233658,0.0,0.0,0.001864040270447731,0.03494727611541748,0.03613844886422157,0.0,0.0,0.004695688374340534,0.00527935242280364,0.0016247229650616646,0.001747590838931501,0.0,0.0,0.0,0.03229459747672081,0.0,0.0,0.0047331093810498714,0.0057869781740009785,0.045306380838155746,0.0463755764067173,0.0,0.0,0.0,0.03348145633935928,0.03466849774122238,0.0,0.0,0.0003157088067382574,0.006894807796925306,0.007224966771900654,0.0,0.0,0.0,0.0,0.0,0.0,0.0009778165258467197,0.0,0.0,0.006191441789269447,0.0,0.0,0.015631595626473427,0.20000000298023224,0.0,0.0,0.0,0.003294560359790921,0.04168861359357834,0.05910424143075943
13,0.43333333333333335,0.0,0.0,0.0,0.0,0.0,0.0,0.003033654298633337,0.0,0.0,0.0,0.0,0.0,0.00030585553031414747,0.0031262605916708708,0.011320877820253372,0.0,0.0026625595055520535,0.07302818447351456,0.0,0.057592716068029404,0.0,0.0,0.002020233543589711,0.03177804499864578,0.032723456621170044,0.00016975865582935512,0.0,0.0028868212830275297,0.0035330778919160366,0.0012060379376634955,0.0013052012072876096,0.0,0.0,0.0,0.03074062243103981,0.0,0.0,0.004911916330456734,0.005799587815999985,0.044963136315345764,0.04589993134140968,0.0,0.0,0.0,0.032128166407346725,0.033270999789237976,0.0,0.00031721306731924415,0.0006126988446339965,0.007160859648138285,0.007495321333408356,0.0,0.0,0.0,0.0,0.0,0.0,0.0,0.0,0.0,0.0060694520361721516,0.0,0.0,0.01714489422738552,0.20000000298023224,0.0,9.644639067118987e-05,0.0,0.009914571419358253,0.05096062272787094,0.06822436302900314
14,0.4666666666666667,0.0,0.0,0.0,0.0,0.0,7.852236740291119e-05,0.004021443892270327,0.0,0.0,0.0,0.0,0.0,0.0005131271318532526,0.004082066006958485,0.014549498446285725,0.0,0.0033958510030061007,0.09162010252475739,0.0,0.06198997423052788,0.0,0.0,0.002337544923648238,0.022901006042957306,0.024748370051383972,0.0005634258850477636,0.0,0.0,0.0009457882842980325,0.0010498984484001994,0.001144914305768907,0.0,0.0,0.0,0.02683902345597744,0.00046270046732388437,0.0,0.005924250464886427,0.006411970593035221,0.03972203657031059,0.0404738150537014,0.0,0.0,0.0,0.03259385749697685,0.033734772354364395,0.0,0.0008868396398611367,0.0012070814846083522,0.005594721995294094,0.005894613917917013,0.0,0.0,0.0,0.0,0.0,0.0,0.0,0.0,0.0,0.004157884977757931,0.0,0.0,0.009434382431209087,0.20000000298023224,0.0,0.001291122636757791,0.0,0.016693783923983574,0.06471766531467438,0.07678261399269104
15,0.5,0.0,0.0,0.0,0.0,0.0,0.0006481438176706433,0.0023685581982135773,0.0,0.0,0.0,0.0,0.0,0.001044478383846581,0.0024790940806269646,0.015458034351468086,0.0,0.0031936930026859045,0.09656226634979248,0.0,0.05409524217247963,0.0,0.0,0.0018828826723620296,0.018833955749869347,0.020916227251291275,0.000375287578208372,0.0,0.0,0.0008955113589763641,0.001242816331796348,0.001303427037782967,0.0,0.0,0.0,0.02398180030286312,0.0,0.0,0.0060098073445260525,0.006270170211791992,0.03500651940703392,0.03567231819033623,0.0,0.0,0.0,0.02983005717396736,0.03086649812757969,0.0,0.0009025925537571311,0.0012521480675786734,0.004501198884099722,0.004795474465936422,0.0,0.0,0.0,0.0,0.0,0.0,0.0,0.0,0.0,0.000822988513391465,0.0,0.0,0.005700214300304651,0.20000000298023224,0.0,0.0031265919096767902,0.0,0.02938799001276493,0.09519127011299133,0.09915943443775177
16,0.5333333333333333,0.0,0.0,0.0,0.0,0.0,0.0010408546077087522,0.003059511072933674,0.0,0.0,0.0,0.0,0.0,0.0011444087140262127,0.0031873525585979223,0.014343174174427986,0.0,0.0025931717827916145,0.0935397744178772,0.0,0.04723614081740379,0.0,0.0,0.001454493380151689,0.020821629092097282,0.02194819785654545,9.841805876931176e-05,0.0,0.0,0.0007235704688355327,0.001175536890514195,0.0012078668223693967,0.0,0.0,0.0,0.023627514019608498,0.0,0.0,0.005844476632773876,0.0061644003726542,0.035645995289087296,0.036181315779685974,0.0,0.0,0.0,0.027925429865717888,0.028985751792788506,0.0,0.001443424029275775,0.0016773127717897296,0.004740735981613398,0.0050103506073355675,0.0,0.0,0.0,0.0,0.0,0.0,0.0,0.0,0.0,0.00015788129530847073,0.0,0.0,0.007493144366890192,0.20000000298023224,0.0,0.0029929489828646183,0.0,0.028764883056282997,0.09020502865314484,0.09128402173519135
17,0.5666666666666667,0.0,0.0,0.0,0.0,0.0,0.0013078232295811176,0.004316607024520636,0.0,0.0,0.0,0.0,0.0,0.0011557020479813218,0.0044218869879841805,0.010770467109978199,0.0,0.0028630250599235296,0.08996836841106415,0.0,0.05434101074934006,0.0,0.0,0.0018292065942659974,0.015136460773646832,0.01710394211113453,0.0004651382041629404,0.0,0.0,0.0007911744760349393,0.0008490071631968021,0.0008926953305490315,0.0,0.0,0.0,0.023137683048844337,0.0,0.0,0.004833907820284367,0.004800550173968077,0.035171184688806534,0.035622578114271164,0.0,0.0,0.0,0.027076778933405876,0.02805929258465767,0.0,0.0016469998518005013,0.001818688353523612,0.004392564296722412,0.004606739617884159,0.0,0.0,0.0,0.0,0.0,0.0,0.0,0.0,0.0,0.004425365477800369,0.0,0.0,0.010294631123542786,0.20000000298023224,0.0,0.0028117005713284016,0.0,0.02931419014930725,0.11427785456180573,0.13118807971477509
18,0.6,0.0,0.0,0.0,0.0,0.0,0.0023694850970059633,0.002908332273364067,0.0,0.0,0.0,0.0,0.0,0.0020102455746382475,0.003058501286432147,0.009282686747610569,0.0,0.002087071305140853,0.05806547403335571,0.0,0.03394915163516998,0.0,0.0,0.0009575816220603883,0.018764685839414597,0.02016138844192028,0.0,0.0,0.0003855616378132254,0.0009940402815118432,0.001000834978185594,0.0009665609686635435,0.0,0.0,0.0,0.019373105838894844,0.0,0.0,0.003676824737340212,0.0036707990802824497,0.02963041327893734,0.030029872432351112,0.0,0.0,0.0,0.024515831843018532,0.025365283712744713,0.0,0.0030376326758414507,0.0030701924115419388,0.003990934230387211,0.004175538197159767,0.0,0.0,0.0,0.0,0.0,0.00040384160820394754,0.0,0.0,0.0,0.0,0.0,0.0,0.00410068966448307,0.20000000298023224,0.0,0.0024994011037051678,0.019383015111088753,0.036532238125801086,0.07109277695417404,0.07204423099756241
19,0.6333333333333333,0.0,0.0,0.0,0.0,0.0,0.0031894228886812925,0.0026900910306721926,0.0,0.0,0.0,0.0,0.0,0.002518368884921074,0.002841724082827568,0.006910338997840881,0.0,0.0018199225887656212,0.03793518617749214,0.0,0.01967351697385311,0.0,0.0,0.000486971897771582,0.02256668359041214,0.02280074544250965,0.0,0.0,0.0017351352144032717,0.002023823093622923,0.0009282023529522121,0.000852248806040734,0.0,0.0,0.0,0.0170675627887249,0.0,0.0,0.003006251296028495,0.0030890333000570536,0.027162572368979454,0.02728789485991001,0.0,0.0,0.003273163689300418,0.022759879007935524,0.02354934811592102,0.0,0.0041463724337518215,0.00400919932872057,0.003707538591697812,0.0038321148604154587,0.0,0.0,0.0,0.0,0.0,0.0,0.0,0.0,0.0,0.0,0.0,0.0,0.0,0.21359580755233765,0.0,0.002405779669061303,0.011767280288040638,0.030246146023273468,0.03835386037826538,0.03895636647939682
20,0.6666666666666666,0.0,0.0,0.0,0.0,0.0,0.00347669655457139,0.0033328840509057045,0.0,0.0,0.0,0.0,0.0,0.0025964495725929737,0.0034757545217871666,0.004955102689564228,0.0,0.0020035593770444393,0.02844182960689068,0.0,0.0162398349493742,0.0,0.0,0.0005293363356031477,0.024838021025061607,0.024678131565451622,0.0,0.0,0.001694756094366312,0.0019470995757728815,0.0009052680106833577,0.0008406435372307897,0.0006503168842755258,0.0,0.0,0.018371805548667908,0.0,0.0,0.002570254262536764,0.0026973900385200977,0.02947917953133583,0.029330099001526833,0.0,0.0,0.006024254951626062,0.02140909992158413,0.022170886397361755,0.0,0.004491493571549654,0.004236305598169565,0.004289833828806877,0.004365113563835621,0.0,0.0,0.0,0.0,0.0,0.0,0.0,0.0,0.0,0.0,0.0,0.0,0.0,0.2078929990530014,0.0,0.0022664957214146852,0.01330141443759203,0.0295950286090374,0.03273003175854683,0.03204193711280823
21,0.7,0.0,0.0,0.0,0.0,0.0,0.0038936391938477755,0.002725746715441346,0.0,0.0,0.0,0.0,0.0,0.0028600518126040697,0.002854330698028207,0.007230342831462622,0.0,0.0021327685099095106,0.02115127444267273,0.0,0.007168389391154051,0.0,0.0,0.00011654106492642313,0.02694021537899971,0.025993991643190384,0.0,0.0,0.0034047516528517008,0.003394744824618101,0.0009599300101399422,0.0008855605847202241,0.0,0.0,0.0,0.014894983731210232,0.0,0.00041560406680218875,0.0028633333276957273,0.003183069173246622,0.02471698261797428,0.024501807987689972,0.0,0.0,0.010726464912295341,0.018973831087350845,0.019658727571368217,0.0,0.0049751512706279755,0.004611286334693432,0.0036981224548071623,0.0037334547378122807,0.0,0.0,0.0,0.0,0.0,0.0,0.0,0.0,0.0,0.0,0.0,0.0,0.0,0.2208297699689865,0.0,0.0019111839355900884,0.0,0.018198125064373016,0.031214026734232903,0.034201979637145996
22,0.7333333333333333,0.0,0.0,0.0,0.0,0.0,0.004447123501449823,0.003069416619837284,0.0,0.0,0.0,0.0,0.0,0.003251996822655201,0.0031696674413979053,0.003978385124355555,0.0,0.002206989098340273,0.006914000958204269,0.0,0.0,0.0,0.0,0.00014094874495640397,0.02876611053943634,0.027881363406777382,0.0,0.0,0.00333809875883162,0.003341867821291089,0.0009318464435636997,0.0008436309290118515,0.0,0.0,0.0,0.011818046681582928,0.0,0.0006164133665151894,0.0017483726842328906,0.0019901576451957226,0.021295176818966866,0.02103464864194393,0.0,0.0,0.014857679605484009,0.01701517589390278,0.017581652849912643,0.0,0.005855959374457598,0.005371219012886286,0.0036521744914352894,0.0036885689478367567,0.0,0.0,0.0,0.0,0.0,0.0,0.0,0.0,0.0,0.0,0.0,0.0,0.0,0.21333079040050507,0.0,0.0014154838863760233,0.002798144705593586,0.015247699804604053,0.024089740589261055,0.025890393182635307
23,0.7666666666666667,0.0,0.0,0.0,0.0,0.0,0.004915157333016396,0.0023240491282194853,0.0,0.0,0.0,0.0,0.0,0.003617666196078062,0.0024122917093336582,0.004807573743164539,0.0,0.002429475774988532,0.0,0.0,0.0,0.0,0.0,0.0002887336886487901,0.028380144387483597,0.02785920910537243,0.0,0.0,0.0029315107967704535,0.0029980845283716917,0.0007874280563555658,0.0006872714729979634,0.0006633303710259497,0.0,0.004380326252430677,0.01238299161195755,0.0,0.0005166175542399287,0.0,6.169606785988435e-05,0.02223099395632744,0.02189110405743122,0.0,0.0,0.016789274290204048,0.014182758517563343,0.01465216837823391,0.0,0.006224485579878092,0.005651172716170549,0.004477496724575758,0.004469559993594885,0.0,0.0,0.0,0.0,0.0,0.0,0.0,0.0,0.0,0.0,0.0,0.0,0.0,0.21417000889778137,0.0,0.0015451422659680247,0.0,0.014604262076318264,0.0,0.0026674079708755016
24,0.8,0.0,0.0,0.0,0.0,0.0,0.004774603061378002,0.0021655589807778597,0.0,0.0,0.0,0.0,0.0,0.0034975819289684296,0.002253657905384898,0.0038809862453490496,0.0,0.002104553859680891,0.0,0.0,0.0,0.0,0.00011579514102777466,0.0002440810640109703,0.030437806621193886,0.029332010075449944,0.0,1.4729489521414507e-05,0.0026971420738846064,0.0026435439940541983,0.0006280415691435337,0.0005115083768032491,0.00557768763974309,0.0,0.01682095415890217,0.011365975253283978,0.0,0.00030906483880244195,0.0,0.0,0.020584264770150185,0.020292704924941063,0.0,0.0,0.018640883266925812,0.011166522279381752,0.01164543628692627,0.0,0.005771655589342117,0.005147987045347691,0.004555912222713232,0.004545880481600761,0.0,0.0,0.0,0.0,0.0,0.0001261592551600188,0.0,0.0,0.0,0.0,0.0,0.0,0.0,0.2138024866580963,0.0,0.0010842944029718637,0.0,0.010522187687456608,0.0,0.0035185518208891153
25,0.8333333333333334,0.0,0.0,0.0,0.0,0.0,0.0044559878297150135,0.002096637152135372,0.0,0.0,0.0,0.0,0.0,0.003298505675047636,0.002181264106184244,0.0017766457749530673,0.0,0.001412504236213863,0.0,0.0,0.0,0.0,8.60658401506953e-05,0.0,0.03516573831439018,0.03286990523338318,0.0,2.8263542844797485e-05,0.002910591894760728,0.0026367194950580597,0.0008824405376799405,0.0007844203501008451,0.006529795005917549,0.0,0.01927568018436432,0.01147198211401701,0.0,9.912981477100402e-05,0.0,0.0,0.020407220348715782,0.020054180175065994,0.00041314520058222115,0.0,0.020094353705644608,0.006152657326310873,0.006591613870114088,0.0,0.005030286498367786,0.004374460782855749,0.004689560737460852,0.004662450402975082,0.0,0.0,0.0,0.0,0.0,0.008827367797493935,0.0,0.0,0.0,0.0,0.0,0.0,0.0,0.2336627095937729,0.0,0.00023954641073942184,0.0,0.0050863176584243774,0.0,0.031093556433916092
26,0.8666666666666667,9.868621418718249e-05,0.0,0.0,0.0,0.0,0.004034350626170635,0.001647929660975933,0.0,0.0,0.0,0.0,0.0,0.00301825487986207,0.001749912858940661,0.0,0.0,0.00035171103081665933,0.0,0.0,0.0,0.0,0.0001398809254169464,0.0,0.039993274956941605,0.03660125285387039,0.0,0.0,0.0035159997642040253,0.0030592000111937523,0.0014263432240113616,0.0013601522659882903,0.006075604818761349,0.0,0.005812313873320818,0.013747872784733772,0.0,0.0,0.0,0.00021885312162339687,0.022742776200175285,0.022396080195903778,0.0012124883942306042,8.030821481952444e-05,0.021195063367486,0.002146003535017371,0.0025477048475295305,0.0,0.0038860803470015526,0.0032305382192134857,0.00491663021966815,0.004895048215985298,0.0,0.0,0.0,0.0,0.0,0.02145499922335148,0.0,0.0,0.0,0.0,0.0,0.0,0.0,0.26750463247299194,0.0,0.0,0.0,0.0023571685887873173,0.0,0.07109487056732178
27,0.9,0.00014569757331628352,0.0,0.0,0.0,0.0,0.00399576872587204,0.0015660150675103068,0.0,0.0,0.0,0.0,0.0,0.0030378177762031555,0.001694697653874755,0.0018757598008960485,0.0006855468382127583,0.0,0.014364847913384438,0.0,0.001720813219435513,0.0,0.00015066580090206116,0.0,0.03222544863820076,0.028842231258749962,0.0,5.8774134231498465e-05,0.0030409577302634716,0.002683460945263505,0.0006366012385115027,0.0006272956961765885,0.0,0.0,9.901096927933395e-05,0.017400270327925682,0.0,0.0,0.0016673275968059897,0.002508861478418112,0.029497763141989708,0.02924923039972782,0.003084766212850809,0.0017391033470630646,0.021590204909443855,0.0013993699103593826,0.0018942725146189332,0.0,0.0048436857759952545,0.004196139983832836,0.006211504805833101,0.006173927802592516,0.0,0.0,0.0,0.0,0.0,0.018879834562540054,0.0,0.0,0.0,0.0,0.0,0.0,0.0,0.27230048179626465,0.0001697871193755418,0.0,0.002119382843375206,0.0,0.0,0.06482170522212982
28,0.9333333333333333,0.00013912521535530686,0.0,0.0,0.0,0.0,0.0027238656766712666,0.001309460960328579,0.0,0.0,0.0,0.0,0.0,0.0019507131073623896,0.0014563462464138865,0.00505517004057765,0.002013464691117406,0.0,0.04516841098666191,0.0,0.008748635649681091,0.0,0.00017335732991341501,0.0,0.0346868596971035,0.03018217720091343,0.0,0.00013622680853586644,0.003937424626201391,0.003310129512101412,0.001145425601862371,0.0011372403241693974,0.0,0.0,0.0,0.022250277921557426,0.0,0.0,0.003798489226028323,0.004951855167746544,0.03503775596618652,0.03487188741564751,0.004662675783038139,0.0028983429074287415,0.02060069888830185,0.0002917042875196785,0.0009771748445928097,0.0,0.002515433356165886,0.0019375351257622242,0.005902381613850594,0.0058883186429739,0.0,0.0,0.0,0.0,0.0,0.02024400793015957,6.755191134288907e-05,0.0,0.0,0.004446954000741243,0.0,0.0,0.0,0.29161131381988525,0.001243472215719521,0.0,0.020098699256777763,0.0,0.0,0.08450274914503098
29,0.9666666666666667,0.00010486311657587066,0.0,0.0,0.0,0.0,0.00117184326518327,0.001618536189198494,0.0,0.0,0.0,0.0,0.0,0.000305790948914364,0.0018115555867552757,0.010123628191649914,0.002651806455105543,0.0,0.0975223034620285,0.0,0.004997498355805874,0.0,0.00041962057002820075,0.0,0.038148701190948486,0.03200947120785713,0.0,0.00022433190315496176,0.003835218260064721,0.002971195848658681,0.0019302405416965485,0.0019122193334624171,0.0,0.0,0.0,0.027521414682269096,0.0,0.0,0.007184543646872044,0.008886138908565044,0.04093800112605095,0.041000764816999435,0.004799879156053066,0.002512012142688036,0.02095775119960308,0.0,0.0009338012896478176,0.0,0.0003697116335388273,0.0,0.004872675519436598,0.004968386143445969,0.0,0.0,0.0,0.0,0.0,0.02205708436667919,7.587915752083063e-05,0.0,0.0,0.014516612514853477,0.0,0.0,0.0,0.32834115624427795,0.0013506748946383595,0.0,0.01811225526034832,0.0,0.0,0.12592726945877075
30,1.0,0.00012277263158466667,0.0,0.0,0.0,0.0,0.0010652004275470972,0.001210155664011836,0.0,0.0,0.0,0.0,0.0,0.00019796942069660872,0.00138492148835212,0.013870038092136383,0.0028563241939991713,0.0,0.11959350109100342,0.0,0.02639579586684704,0.0,0.00028928500250913203,0.0,0.026151267811655998,0.021373337134718895,0.0,0.0002531747450120747,0.0011782145593315363,0.0006146459490992129,0.0016445160144940019,0.0015874579548835754,0.0,0.0,0.0,0.026345953345298767,0.0,0.0,0.0077810282818973064,0.008943174965679646,0.038919925689697266,0.03910774365067482,0.0047693862579762936,0.0024476207327097654,0.02193845435976982,0.0,0.0009352805209346116,0.0,0.00024356010544579476,0.0,0.004608371295034885,0.0046460903249681,0.0,0.0,0.0,0.0,0.0,0.02642832323908806,0.0,0.0,0.0,0.0,0.0,0.0,0.0,0.2884291112422943,0.0006944912020117044,0.0,0.011147212237119675,0.0,0.0,0.08560892939567566
31,1.0333333333333334,0.0001720406871754676,0.0,0.0,0.0,0.0,0.0005915481597185135,0.000966206134762615,0.0,0.0,0.0,0.0,0.0,0.0,0.001158371800556779,0.01636453904211521,0.002694864524528384,0.0,0.14921978116035461,0.0,0.032304707914590836,0.0,2.9275333872647025e-05,0.0,0.021439632400870323,0.017373137176036835,0.0,0.0002032504417002201,0.00031209230655804276,0.0,0.0019394118571653962,0.0018664792878553271,0.0,0.0,0.0,0.027309825643897057,0.0,0.0,0.009236722253262997,0.010297518223524094,0.039188727736473083,0.03948982432484627,0.004366255830973387,0.0018597375601530075,0.023445088416337967,0.0,0.00102859060280025,0.0,2.865162241505459e-05,0.0,0.003616882488131523,0.0036690172273665667,0.0,0.0,0.0,0.0,0.0,0.032702021300792694,0.0,0.0,0.0,4.633422940969467e-05,0.0,0.0,0.0,0.2981671094894409,0.00019053855794481933,0.0,0.002718938048928976,0.0,0.0,0.10349041223526001
32,1.0666666666666667,0.00020718443556688726,0.0,0.0,0.0,0.0,5.199461884330958e-05,0.0007162134861573577,0.0,0.0,0.0,0.0,0.0,0.0,0.0009109367965720594,0.019314980134367943,0.0014738081954419613,0.0,0.17081035673618317,0.0,0.03360176086425781,0.0,0.0,0.0,0.01968938484787941,0.016168316826224327,0.0,4.779750815941952e-05,0.00017888896400108933,0.0,0.0024743531830608845,0.0023938275407999754,0.0,0.0,0.0,0.029141878709197044,0.0,0.0,0.010416987352073193,0.011487728916108608,0.040281444787979126,0.04060794785618782,0.004544066730886698,0.00197594310157001,0.023383863270282745,0.0,0.001026074169203639,0.0,0.0,0.0,0.0027308387216180563,0.0028011093381792307,0.0,0.0,0.0,0.0,0.0,0.03330620750784874,0.0,0.0,0.0,0.0,0.0,0.0,0.0,0.2890640199184418,0.0,0.0,0.0,0.007062721066176891,0.0,0.10350030660629272
33,1.1,0.0002392216119915247,0.0,0.0,0.0,0.0,0.0009477498824708164,0.000477541791042313,0.0,0.0,0.0,0.0,0.0,0.0,0.00064687809208408,0.015676431357860565,0.000794197607319802,0.00033799963421188295,0.1559675633907318,0.0,0.05122080072760582,0.0,0.0,0.0,0.009430374018847942,0.007504431996494532,0.0,3.758282036869787e-05,0.0,0.0,0.001516407122835517,0.0014525813749060035,0.0,0.0,0.0,0.02582247368991375,0.0,0.0,0.007942750118672848,0.008472051471471786,0.03618950396776199,0.03669590875506401,0.004461719188839197,0.002077165525406599,0.022207029163837433,0.0,0.0009507772047072649,0.0,0.0,0.0,0.003209285205230117,0.003269477980211377,0.0,0.0,0.0,0.0,0.0,0.030946705490350723,0.0,0.0,0.0,0.0,0.0,0.0,0.0,0.2778548002243042,0.0,0.0003583088400773704,0.0,0.01153308991342783,0.0,0.09538081288337708
34,1.1333333333333333,0.00025825388729572296,0.0,0.0,0.0,0.0,0.001394895138218999,0.00021398538956418633,0.0,0.0,0.0,0.0,0.0,7.513257151003927e-05,0.0003638366179075092,0.015186120755970478,0.0,0.0014395161997526884,0.15484657883644104,0.0,0.06553865224123001,0.0,0.0,2.7486496037454344e-05,0.0036267705727368593,0.003070325357839465,0.00013012516137678176,0.0,0.0,7.625822763657197e-05,0.0011344533413648605,0.0010999235091730952,0.0,0.0,0.0,0.02628023363649845,0.0,0.0,0.006731805391609669,0.006987714674323797,0.03620528802275658,0.03703118488192558,0.005634879227727652,0.003264624159783125,0.022558048367500305,0.0,0.0008848307188600302,0.0,0.0,0.0,0.003494794014841318,0.0035894722677767277,0.0,0.0,0.0,0.0,0.0,0.03147989511489868,0.0,0.0,0.0,0.0,0.0,0.0,0.0,0.26632454991340637,0.0,4.186114529147744e-05,0.0,0.007919304072856903,0.0,0.09333618730306625
35,1.1666666666666667,0.00013374323316384107,0.0,0.0,0.0,0.0,0.0011889347806572914,0.0004287798365112394,0.0,0.0,0.0,0.0,0.0,0.00010046666284324601,0.0005514522781595588,0.015086415223777294,0.0,0.0024949524085968733,0.1461666077375412,0.0,0.08325057476758957,0.0,0.0,0.0008609291398897767,0.0,2.179337570851203e-05,0.002850849647074938,0.002300125313922763,0.0,0.00013325002510100603,0.000641335267573595,0.0006468553328886628,0.0,0.0,0.0,0.024420306086540222,0.0009347723098471761,0.0,0.004616884049028158,0.004586399998515844,0.030469680204987526,0.0315701849758625,0.007627153303474188,0.005378273315727711,0.023339932784438133,0.0,0.0007458231411874294,0.0,0.0,0.0,0.0022663185372948647,0.0023716106079518795,0.0,0.0,0.0,0.0,0.0,0.034657299518585205,0.0,0.0,0.0,0.002784589072689414,0.0,0.0,0.0,0.2751286029815674,0.0,0.0,0.0,0.0,0.0,0.10922987014055252
36,1.2,0.001036127912811935,0.0,0.0,0.0,0.0,0.001475629978813231,0.0,0.000812653626780957,0.0,0.0,0.0,0.0,9.318974480265751e-05,0.00010640182154020295,0.015445058234035969,0.0,0.0019392356043681502,0.1222853735089302,0.0,0.08832334727048874,0.008141719736158848,0.0,0.0008820915827527642,0.0,0.0,0.004461400210857391,0.003971755038946867,0.0,0.0,0.00026905754930339754,0.00030056617106311023,0.0,0.0,0.005372896790504456,0.024495406076312065,0.0017471471801400185,0.0,0.002679957076907158,0.0026892179157584906,0.030054530128836632,0.030918648466467857,0.011531357653439045,0.00939880684018135,0.024947164580225945,0.0,0.0004928187117911875,0.00036958701093681157,0.0,0.0,0.00246572052128613,0.002447637729346752,0.0,0.0,0.0,0.0,0.0,0.03168103098869324,0.0,0.0,0.0,0.009525916539132595,0.0,0.0,0.0,0.30427414178848267,0.00010079810454044491,0.0,0.0,0.0,0.0,0.12872397899627686
37,1.2333333333333334,0.00010933395969914272,0.0,0.0,0.0,0.0,0.0007457725005224347,0.0005124801537021995,0.0,0.0,0.0,0.0,0.0,0.0,0.0006183771183714271,0.01711578294634819,0.0,0.002612971467897296,0.12911158800125122,0.004121989011764526,0.09087932109832764,0.009475723840296268,0.0,0.0011412582825869322,0.0,0.0,0.006345896515995264,0.0057174405083060265,0.0,0.0,0.0003107396187260747,0.00034492978011257946,0.0,0.0,0.006307370960712433,0.023851705715060234,0.002335311146453023,0.0,0.0020431808661669493,0.0019323757151141763,0.026512105017900467,0.02757882885634899,0.014031168073415756,0.011826930567622185,0.02735300362110138,0.0,0.00043684750562533736,0.0007383039919659495,0.0,0.0,0.0011180959409102798,0.0011110369814559817,0.0,0.0,0.0,0.0,0.0,0.010794822126626968,0.00014696992002427578,0.0,0.0,0.03316546231508255,0.0,0.0,0.0,0.34144556522369385,0.0007554031908512115,0.0,0.0011803843080997467,0.0,0.0,0.15316452085971832
38,1.2666666666666666,0.0003934078849852085,0.0,0.0,0.0,0.0,0.0004954548785462976,0.0,0.00020427526033017784,0.0,0.0,0.0,0.0,0.0,9.897971904138103e-05,0.014757009223103523,0.0,0.0021000299602746964,0.11413244903087616,0.0020732723642140627,0.0861765593290329,0.011849039234220982,0.0,0.0011042453115805984,0.0,0.0,0.0071077230386435986,0.006543317344039679,0.0,0.0,0.0003414412203710526,0.0003751586191356182,0.0,0.0,0.005946445278823376,0.023321006447076797,0.002217270201072097,0.0,0.0006366269662976265,0.0005425205454230309,0.024599473923444748,0.025573639199137688,0.018687862902879715,0.016725687310099602,0.027789577841758728,0.0,0.0001086629563360475,0.0016407890943810344,0.0,0.0,0.0008910716860555112,0.0008365803514607251,0.0,0.0,0.0,0.0,0.0,0.008630422875285149,0.0,0.0,0.0,0.01589220203459263,0.0,0.0,0.0,0.27867254614830017,0.0005433524493128061,0.0,0.002656901255249977,0.0,0.0,0.08360632508993149
39,1.3,0.0003928126534447074,0.0,0.0,0.0,0.0,4.092065501026809e-05,0.0,0.0001778957957867533,0.0,0.0,0.0,0.0,0.0,9.73852802417241e-05,0.019212502986192703,0.0,0.0018057170091196895,0.11995165050029755,0.006871301215142012,0.08909475803375244,0.013890459202229977,0.0,0.0008782866643741727,0.0,0.0,0.007878303527832031,0.007457842119038105,0.0,0.0,0.0003893189423251897,0.00039918883703649044,0.0,0.0,0.004677505232393742,0.0230613574385643,0.002201783936470747,0.0,0.0007165378192439675,0.0007196394726634026,0.023086857050657272,0.02404298633337021,0.021473217755556107,0.019420016556978226,0.030687185004353523,0.0,2.9410921342787333e-05,0.002136712661013007,0.0,0.0,9.834725642576814e-05,0.0,0.0,0.0,0.0,0.0,0.0,0.018217526376247406,0.0,0.0,0.0,0.009970933198928833,0.0,0.0,0.0,0.28734955191612244,0.000410720327636227,0.0,0.0027781808748841286,0.0,0.0,0.09275410324335098
40,1.3333333333333333,1.7651227608439513e-05,0.0,0.0,0.0,0.0,0.0,0.00039101496804505587,0.0,0.0,0.0,0.0,0.0,0.0,0.00047025561798363924,0.020715299993753433,0.0,0.00311906891874969,0.12489310652017593,0.010446648113429546,0.09472781419754028,0.013115335255861282,0.0,0.0014637779677286744,0.0,0.0,0.009879100136458874,0.008904547430574894,0.0,0.0,0.0006628456176258624,0.0006596373859792948,0.0,0.0,0.007950235158205032,0.024548795074224472,0.0027857848908752203,0.0,0.0005014961934648454,0.0,0.020882442593574524,0.022424917668104172,0.022970493882894516,0.020924439653754234,0.03337644040584564,0.0,0.0,0.0030120934825390577,0.0,0.0,0.0,0.0,0.0,0.0,0.0,0.0,0.0,0.012171924114227295,0.0,0.0,0.0,0.022215768694877625,0.0,0.0,0.0,0.3052920699119568,0.0005031293258070946,0.0,0.0,0.0,0.0,0.11636734008789062
41,1.3666666666666667,0.0,0.0,0.0,0.0,0.0,0.0,6.954837590456009e-05,0.0,0.0,0.0,0.0,0.0,0.0,0.00013016346201766282,0.023486357182264328,0.0,0.0030686946120113134,0.13686113059520721,0.020092085003852844,0.10327719897031784,0.01861768774688244,0.0,0.0014955021906644106,0.0,0.0,0.011746096424758434,0.010999792255461216,0.0,0.0,0.0005352296284399927,0.0005014155176468194,0.0,0.0,0.00895389448851347,0.02600240521132946,0.003550794441252947,0.0,0.00024775287602096796,0.0,0.02067423239350319,0.022174585610628128,0.02537449263036251,0.023310929536819458,0.03598427027463913,0.0,0.0,0.0038148199673742056,0.0,0.0,0.0,0.0,0.0,0.0,0.0,0.0,0.0,0.012354940176010132,0.00018548371735960245,0.0,0.0,0.03435156121850014,0.0,0.0,0.0,0.34971702098846436,0.0007252366631291807,0.0,0.0007922966033220291,0.0,0.0,0.16268545389175415
42,1.4,0.0,0.0,0.0,0.0,0.0,0.0,0.00024823020794428885,0.0,0.0,0.0,0.0,0.0,0.0,0.00029728212393820286,0.018974270671606064,0.0,0.002972683636471629,0.1380171924829483,0.020918652415275574,0.09672629088163376,0.012738262303173542,0.0,0.0013248907634988427,0.0,0.0,0.013032718561589718,0.012340407818555832,0.0,0.0,0.0005478570819832385,0.0004903774824924767,8.975309901870787e-05,0.0,0.008902284316718578,0.0275581032037735,0.0035177164245396852,0.0,0.00025270148762501776,0.0,0.021268872544169426,0.022781478241086006,0.027752259746193886,0.025670194998383522,0.03761347383260727,0.0,0.0,0.0038949870504438877,0.0,0.0,0.0,0.0,0.0,0.0,0.0,0.0,0.0,0.010600531473755836,0.00018303841352462769,0.0,0.0,0.022141439840197563,0.0,0.0,0.0,0.29434069991111755,0.00042581651359796524,0.0,0.0,0.0,0.0,0.10927078872919083
43,1.4333333333333333,0.0,0.0,0.0,0.0,0.0,0.0,0.0008672468829900026,0.0,0.0,0.0,0.0,0.0,0.0,0.0008831443847157061,0.019286898896098137,0.0,0.003629864426329732,0.12377988547086716,0.012496569193899632,0.1001177579164505,0.01710549183189869,0.0,0.0017191030783578753,0.0,0.0,0.012915226630866528,0.011929276399314404,0.0,0.0,0.0005930805928073823,0.0005514657241292298,0.0021192950662225485,0.0,0.010528037324547768,0.02787303738296032,0.0034195452462881804,0.0,0.0004526434058789164,0.0,0.021645082160830498,0.023047352209687233,0.03051142394542694,0.028736155480146408,0.03885968029499054,0.0,0.0,0.004558321554213762,0.0,0.0,0.0,0.0,0.0,0.0,0.0,0.0,0.0,0.01053379476070404,0.00010874681174755096,0.0,0.0,0.010664978995919228,0.0,0.0,0.0,0.25196200609207153,0.00019148364663124084,0.0,0.0,0.0,0.0,0.06624416261911392
44,1.4666666666666666,0.0,0.0,0.0,0.0,0.0,0.0,0.0024685808457434177,0.0,0.0,0.0,0.0,0.0,0.0,0.002449819352477789,0.023721039295196533,0.0,0.0049563562497496605,0.13676334917545319,0.01807679980993271,0.11054056137800217,0.016252100467681885,0.0,0.0022478499449789524,0.0,0.0,0.014337885193526745,0.012979221530258656,0.0,0.0,0.0008934405050240457,0.0008376529440283775,0.0030110881198197603,0.0,0.008862867951393127,0.028269901871681213,0.003887036582455039,0.0,0.0007133992621675134,0.0,0.018246660009026527,0.020186038687825203,0.031164763495326042,0.029343992471694946,0.041428424417972565,0.0,0.0,0.005258193705230951,0.0,0.0,0.0,0.0,0.0,0.0,0.0,0.0,0.0,0.0,0.0010530687868595123,0.0,0.0,0.030280660837888718,0.0,0.0,0.0,0.29131531715393066,0.0006227893754839897,0.0,0.00538667943328619,0.0,0.0,0.10537697374820709
45,1.5,0.0,0.0,0.0,0.0,0.0,0.0,0.001620340975932777,0.0,0.0,0.0,0.0,0.0,0.0,0.0016131476731970906,0.021498585119843483,0.0,0.005127741489559412,0.12870913743972778,0.008074200712144375,0.10180716961622238,0.007106243632733822,0.0,0.002107585547491908,0.0,0.0,0.013200202956795692,0.011897409334778786,0.0,0.0,0.0010166604770347476,0.0009660098585300148,0.0015618408797308803,0.0,0.008352694101631641,0.027833817526698112,0.003509626956656575,0.0,0.000581741682253778,0.0,0.019141485914587975,0.020978400483727455,0.0353853814303875,0.033634502440690994,0.04201498255133629,0.0,0.0,0.004619097802788019,0.0,0.0,0.0,0.0,0.0,0.0,0.0,0.0,0.0,0.0006773439235985279,0.0007383227348327637,0.0,0.0,0.027584346011281013,0.0,0.0,0.0,0.280994713306427,0.00034848134964704514,0.0,0.0,0.0,0.0,0.09723325818777084
46,1.5333333333333334,0.0,0.0,0.0,0.0,0.0,0.0,0.0007817749865353107,0.0,0.0,0.0,0.0,0.0,0.0,0.0008057513041421771,0.01954278163611889,0.0,0.004309697542339563,0.0924495980143547,0.0017288033850491047,0.08855600655078888,0.012359251268208027,0.0,0.0017960993573069572,0.0,0.00015103405166883022,0.012279164046049118,0.010792931541800499,0.0,0.0,0.001153390621766448,0.0011834226315841079,0.004749767482280731,0.0,0.012952870689332485,0.023711124435067177,0.003186567919328809,0.0,0.0007011702400632203,0.0,0.012966617941856384,0.014436735771596432,0.03932802006602287,0.03794220834970474,0.04145178571343422,0.0,0.0,0.0055135865695774555,0.0,0.0,0.0,0.0,0.0,0.0,0.0,0.0,0.0,0.005524554289877415,0.00030831992626190186,0.0,0.0,0.007960982620716095,0.0,0.0,0.0,0.2300831526517868,4.1167717427015305e-05,0.0,0.0,0.0,0.0,0.042085837572813034
47,1.5666666666666667,0.0,0.0,0.0,0.0,0.0,0.0,0.0026376228779554367,0.0,0.0,0.0,0.0,0.0,0.0,0.0025672074407339096,0.020809369161725044,0.0,0.004672602750360966,0.07408744841814041,0.009480386041104794,0.10230323672294617,0.03221118822693825,0.0,0.0026718119625002146,0.0,0.0009667485137470067,0.013488272204995155,0.011366416700184345,0.0,0.0,0.001160330488346517,0.0013345967745408416,0.003473208984360099,0.0,0.021441128104925156,0.022220274433493614,0.007760982494801283,0.003633166430518031,0.0008643066394142807,0.0,0.008746583946049213,0.009552455507218838,0.04019613564014435,0.039030659943819046,0.043564073741436005,0.0,0.0,0.007340086158365011,0.0,0.0,0.0,0.0,0.0,0.0,0.0,0.0,0.0,0.0010189465247094631,0.0016174673801288009,0.0,0.0,0.03331543877720833,0.0,0.0,0.0,0.2815486192703247,0.0,0.0,0.0,0.0,0.0,0.1158023476600647
48,1.6,0.0,0.0,0.0,0.0,0.0,0.0,0.0032359797041863203,0.0,0.0,0.0,0.0,0.0,0.0,0.0031743678264319897,0.016165921464562416,0.0,0.003751014592126012,0.043947186321020126,0.0043762316927313805,0.08818478882312775,0.03407488390803337,0.0,0.0025612597819417715,0.0,0.0015845028683543205,0.011964387260377407,0.010024668648838997,0.0,0.0,0.0008709241519682109,0.0010777240386232734,0.005509898066520691,0.0,0.0242624431848526,0.019857732579112053,0.00920084211975336,0.005642069969326258,0.0007796997088007629,0.0,0.00983627513051033,0.010109949856996536,0.04369470849633217,0.042619191110134125,0.04396066442131996,0.0,0.0,0.006651841104030609,0.0,0.0,0.0,0.0,0.0,0.0,0.0,0.0,0.0,0.0,0.0026781558990478516,0.0,0.0,0.026067577302455902,0.0,0.0,0.0,0.25375688076019287,0.00020475871860980988,0.0,0.012922380119562149,0.0,0.0,0.08545835316181183
49,1.6333333333333333,2.018466830122634e-06,0.0,0.0,0.0,0.0,0.0,0.0004671975621022284,0.0,0.0,0.0,0.0,0.0,0.0,0.0005225480417720973,0.0052758269011974335,0.0,0.0022898975294083357,0.023647382855415344,0.0,0.046870116144418716,0.01113065890967846,0.0,0.0012802487472072244,0.0,0.0010869184043258429,0.007630705833435059,0.006736969109624624,0.0,0.0,0.0005179555737413466,0.0006003776798024774,0.011822088621556759,0.0,0.014547181315720081,0.01432433445006609,0.004532258026301861,0.0031305772718042135,0.00048069455078803003,0.0,0.008700267411768436,0.008856236934661865,0.04925434663891792,0.04817220941185951,0.0429457351565361,0.0,0.0,0.002945308806374669,0.0,0.0,0.00013177261280361563,0.0,0.0,0.0,0.0,0.0,0.0,0.0,0.0015615839511156082,0.0,0.0,0.005458044819533825,0.0,8.607479685451835e-05,0.0010808807564899325,0.20000000298023224,0.0,0.0,0.008437474258244038,0.0,0.018816057592630386,0.03629130497574806
50,1.6666666666666667,0.0004898446495644748,0.0,0.0,0.0,0.0,0.0003240631485823542,0.0,0.0003381570568308234,0.0,0.0,0.0,0.0,0.0,4.162255208939314e-05,0.0021756195928901434,0.0,0.0024899763520807028,0.0214015394449234,0.0,0.042720478028059006,0.0018595288274809718,0.0,0.0012365912552922964,0.0,0.001244178507477045,0.004871595185250044,0.004169098101556301,0.0,0.0,0.0006027729832567275,0.0007049964624457061,0.00863814726471901,0.0,0.009968643076717854,0.014780092053115368,0.0042487881146371365,0.003368125995621085,0.00023466996208298951,0.0,0.01063434686511755,0.01076000090688467,0.052241723984479904,0.05107872933149338,0.04350409284234047,0.0,0.0,0.0021478186827152967,0.0,0.0,0.00012835751113016158,0.0,0.0,0.0,0.0,0.0,0.0,0.0,0.003230813890695572,0.0,0.0,0.024666381999850273,0.0,0.0,0.0,0.2548995912075043,0.0005731554701924324,0.0,0.023414690047502518,0.0,0.0,0.08243732154369354
51,1.7,0.0,0.0,0.0,0.0,0.0,5.483278073370457e-05,0.0008428892469964921,0.0,0.0,0.0,0.0,0.0,0.0,0.0009160783956758678,0.0,0.0,0.002067941939458251,0.0270680021494627,0.0,0.04866848886013031,0.003136715618893504,0.0,0.0014729932881891727,0.0,0.001445357222110033,0.0026734236162155867,0.0018912358209490776,0.0,0.00013573873729910702,0.0006987896049395204,0.0009027236956171691,0.0027475859969854355,0.0,0.006803371012210846,0.015350768342614174,0.005682294722646475,0.004933541174978018,0.0,0.0,0.011703507974743843,0.011676422320306301,0.053843460977077484,0.052579738199710846,0.045303426682949066,0.0,0.0,0.0020473243203014135,0.0,0.0,8.182706369552761e-05,0.0,0.0,0.0,0.0,0.0,0.0,0.0,0.00954824686050415,0.0,0.0,0.05742133408784866,0.0,0.0,0.0,0.326177716255188,0.0019232239574193954,0.0,0.07867908477783203,0.0,0.0,0.19306308031082153
52,1.7333333333333334,0.0,0.0,0.0,0.0,0.0,0.0006063414621166885,0.0036183902993798256,0.0,0.0,0.0,0.0,0.0,0.0,0.0036101252771914005,0.004819519352167845,0.0009913193061947823,0.0012748948065564036,0.031389348208904266,0.0,0.07206869125366211,0.019450608640909195,0.0,0.0017601391300559044,0.0,0.0014947730815038085,0.0010453270515426993,7.076876045175595e-06,0.0,0.00036357546923682094,0.0010458370670676231,0.001344785443507135,0.0,0.0,0.00732751889154315,0.013728833757340908,0.009809110313653946,0.008967747911810875,0.001188913593068719,0.0013749089557677507,0.010309780947864056,0.009980136528611183,0.05311634764075279,0.051921118050813675,0.04912984371185303,0.0,0.0,0.003302155062556267,0.00013945461250841618,0.0,1.0911912795563694e-05,0.0,0.0,0.0,0.0,0.0,0.0,0.0,0.018653184175491333,0.0,0.0,0.11577264964580536,0.0,0.0,0.0,0.47313618659973145,0.0040420666337013245,0.0,0.15725207328796387,0.0,0.0,0.39577516913414
53,1.7666666666666666,0.0,0.0,0.0,0.0,0.0,0.0,0.006693748757243156,0.0,0.0,0.0,0.0,0.0,0.0,0.006615478545427322,0.011543387547135353,0.0020870042499154806,0.0022726289462298155,0.03348983824253082,0.0,0.08679381757974625,0.0,0.0,0.001608841703273356,0.01836627535521984,0.020184431225061417,0.00038722282624803483,0.0,0.007371106650680304,0.007643470540642738,0.002733343979343772,0.003090683836489916,0.0,0.0,0.0,0.02024155668914318,0.004911260213702917,0.005932028871029615,0.005147350952029228,0.006408998277038336,0.016788536682724953,0.016821427270770073,0.05224620923399925,0.05098120495676994,0.05178311839699745,0.0,0.0,0.004242557100951672,0.0002815901243593544,0.0,0.0,0.0,0.0,0.0,0.0,0.0,0.0,0.0,0.024862349033355713,0.0,0.0,0.17156030237674713,0.0,0.0,0.0,0.6444490551948547,0.006093047559261322,0.0,0.21467091143131256,0.0,0.0,0.5977010130882263
54,1.8,0.0,0.0,0.0,0.0,0.0,0.0009174099541269243,0.010943738743662834,0.0,0.0,0.0,0.0,0.0,0.0,0.01076623983681202,0.01165491808205843,0.0037278507370501757,0.0007783306646160781,0.02701495587825775,0.0,0.08892649412155151,0.02973845973610878,0.0,0.0020429191645234823,0.009175723418593407,0.011918166652321815,0.0008666699868626893,0.0,0.0036195649299770594,0.004413205198943615,0.0020749648101627827,0.0025670016184449196,0.0,0.0,0.00045103783486410975,0.00843264814466238,0.016685279086232185,0.017247026786208153,0.004603151232004166,0.005469681229442358,0.0028669473249465227,0.002433894667774439,0.049375079572200775,0.047990284860134125,0.05461271479725838,0.0,0.0,0.00441018957644701,0.0007516836049035192,0.0,0.0,0.0,0.0,0.0,0.0,0.0,0.0,0.0,0.024197518825531006,0.0,0.0,0.17464956641197205,0.0,0.0,0.0,0.6702862977981567,0.006611905992031097,0.0,0.21642979979515076,0.0,0.0,0.6115450859069824
55,1.8333333333333333,0.0,0.0,0.0,0.0,0.0,7.430741970892996e-05,0.013223616406321526,0.0,0.0,0.0,0.0,0.0,0.0,0.013017533347010612,0.014061274006962776,0.004292868077754974,0.0002927226305473596,0.01708194799721241,0.0,0.08516591787338257,0.015407188795506954,0.0,0.0017730329418554902,0.01728314347565174,0.01874079555273056,0.0006113187992013991,0.0,0.006260548252612352,0.006769015919417143,0.002468676306307316,0.0030355865601450205,0.0,0.0,0.0,0.00977339781820774,0.014188915491104126,0.01510926615446806,0.005471558775752783,0.006841186434030533,0.005661505740135908,0.0047741904854774475,0.05095696449279785,0.04953910782933235,0.052701570093631744,0.0,0.0,0.004613168071955442,0.0008399257203564048,0.0,2.5446997824474238e-05,0.0,0.0,0.0,0.0,0.0,0.0,0.0,0.019293412566184998,0.0,0.0,0.10692346841096878,0.0,0.0,0.0,0.4543697237968445,0.005267266184091568,0.0,0.18310195207595825,0.0,0.0,0.3623844385147095
56,1.8666666666666667,0.0,0.0,0.0,0.0,0.0,0.0,0.015543920919299126,0.0,0.0,0.0,0.0,0.0,0.0,0.015257040970027447,0.019548367708921432,0.005830982234328985,0.0,0.0039441147819161415,0.0,0.09126980602741241,0.009032688103616238,0.0,0.000979699078015983,0.028387391939759254,0.02796207182109356,0.0001965631527127698,0.0,0.010708887130022049,0.010835752822458744,0.0033258080948144197,0.004025963135063648,0.0,0.0,0.0,0.009989194571971893,0.014081901870667934,0.01593911461532116,0.007150799036026001,0.009270379319787025,0.00574696296826005,0.0038791303522884846,0.05312357097864151,0.051761120557785034,0.05220982804894447,0.0,0.0,0.006211630534380674,0.0011026845313608646,0.0,0.00015945865015964955,0.0,0.0,0.0,0.0,0.0,0.0,0.0,0.015289299190044403,0.0,0.0,0.07707247138023376,0.0,0.0,0.0,0.3906075358390808,0.00504746288061142,0.0,0.16098743677139282,0.0,0.0,0.26066499948501587
57,1.9,0.0,0.0,0.0,0.0,0.0,0.0,0.016636930406093597,0.0,0.0,0.0,0.0,0.0,0.0,0.01619992032647133,0.028629783540964127,0.008307377807796001,0.0,0.0,0.0,0.05773751437664032,0.07055722177028656,0.0,0.0005530631169676781,0.042681604623794556,0.0400216281414032,0.00020169586059637368,0.0,0.006065923720598221,0.006019002757966518,0.002718630712479353,0.003503698157146573,0.011653921566903591,0.0,0.053703028708696365,0.013179058209061623,0.026707539334893227,0.027372507378458977,0.0,0.0015508501091971993,0.011811620555818081,0.008323230780661106,0.05343715846538544,0.05242566764354706,0.05326664075255394,0.0,0.0,0.011276904493570328,0.001177532714791596,0.0,0.0004148970474489033,0.0,0.0,0.0,0.0,0.0,0.0,0.0,0.008182905614376068,0.0,0.0,0.09188064932823181,0.0,0.0,0.0,0.5075534582138062,0.004473555833101273,0.0,0.09561406821012497,0.0,0.0,0.33268222212791443
58,1.9333333333333333,0.0,0.0,0.0,0.0,0.0,0.0,0.01771651767194271,0.0,0.0,0.0,0.0,0.0,0.0,0.017125016078352928,0.03290420025587082,0.008307906799018383,0.0,0.0,0.0,0.026879707351326942,0.12707971036434174,0.0,0.0013258906546980143,0.04787209630012512,0.04895791783928871,0.0009555305587127805,0.0,0.0006302202236838639,0.0012706428533419967,0.0022387218195945024,0.0030981774907559156,0.038465019315481186,0.0,0.12114711850881577,0.015327520668506622,0.04408745840191841,0.044127799570560455,0.0,0.0,0.013681660406291485,0.00930056907236576,0.054400354623794556,0.05374917760491371,0.05485416203737259,0.0,0.0,0.015323531813919544,0.00084034533938393,0.0,0.00045590969966724515,0.0,0.0,0.0,0.0,0.0,0.0,0.0,0.00535370409488678,0.0,0.0,0.1430387645959854,0.0,0.0,0.0,0.6905189156532288,0.0038127601146698,0.0,0.046912796795368195,0.0,0.0,0.5232977271080017
59,1.9666666666666666,0.0,0.0,0.0,0.0,0.0,0.0,0.01822778768837452,0.0,0.0,0.0,0.0,0.0,0.0,0.017488759011030197,0.034745920449495316,0.007033474277704954,0.00038149842293933034,0.0,0.0,0.0,0.15550729632377625,0.0,0.00302319647744298,0.05044575408101082,0.058475345373153687,0.002171294065192342,0.0,0.0,0.0013400684110820293,0.0016700864071026444,0.00254469714127481,0.06600026041269302,0.0,0.1785309612751007,0.016675766557455063,0.057793375104665756,0.05783689767122269,0.0,0.0,0.01584852859377861,0.011092598550021648,0.05491119995713234,0.05439155176281929,0.056136418133974075,0.0,0.0,0.016362648457288742,0.00025028755771927536,0.0,0.0005281869671307504,0.0,0.0,0.0,0.0,0.0,0.0,0.0058612823486328125,0.0043214005418121815,0.0,0.0,0.19808213412761688,0.0,0.0,0.0,0.8882249593734741,0.0033988652285188437,0.0,0.014355503022670746,0.0,0.0,0.7433202266693115
60,2.0,0.0,0.0,0.0,0.0,0.0,0.0,0.013469601981341839,0.0,0.0,0.0,0.0,0.0,0.0,0.012702427804470062,0.006414518691599369,0.004733545705676079,0.0021247153636068106,0.0,0.0,0.0,0.11339365690946579,0.0,0.004449015948921442,0.05808578059077263,0.07289143651723862,0.0022623587865382433,0.0,0.0,0.0021841421257704496,0.0017588635673746467,0.002438952215015888,0.11997400969266891,0.0,0.21982768177986145,0.026953930035233498,0.0621652714908123,0.06427421420812607,0.0,0.0,0.022553296759724617,0.018458465114235878,0.0587921142578125,0.05847292020916939,0.05413281172513962,0.0,0.0,0.015085624530911446,0.0,0.0,0.0004327139467932284,0.0,0.0,0.0,0.0,0.0,0.0,0.0,0.005091637372970581,0.0,0.0,0.22509221732616425,0.0,0.0,0.0,0.9404880404472351,0.002896912395954132,0.0,0.0019464059732854366,0.0,0.0,0.818408727645874
61,2.033333333333333,0.0,0.0,0.0,0.0,0.0,0.0,0.012525801546871662,0.0,0.0,0.0,0.0,0.0,0.0,0.011684183962643147,0.0,0.002609923714771867,0.0017754934960976243,0.0,0.0,0.0,0.10990048199892044,0.0,0.00589893339201808,0.06411760300397873,0.0827125683426857,0.0017337379977107048,0.0,0.0,0.0031041225884109735,0.0008407682180404663,0.001481671235524118,0.17378133535385132,0.0,0.2134070098400116,0.03879302367568016,0.06142618879675865,0.06583132594823837,0.0,0.0,0.03233904764056206,0.028030982241034508,0.0615280456840992,0.06132332608103752,0.05112512409687042,0.0,0.0,0.014218968339264393,0.0,0.0,0.0005899315583519638,0.0,0.0,0.0,0.0,0.0,0.0,0.0,0.007733359932899475,0.0,0.0,0.1812056303024292,0.0,0.0,0.0,0.7463898658752441,0.0025659501552581787,0.0,0.030984176322817802,0.0,0.0,0.6430152654647827
62,2.066666666666667,0.0,0.0,0.0,0.0,0.0,0.0,0.014404288493096828,0.0,0.0,0.0,0.0,0.0,0.0,0.01374885719269514,0.0,0.0,0.0034397223498672247,0.0,0.0,0.0,0.06280872970819473,0.0,0.0064302547834813595,0.0626424252986908,0.07470609992742538,0.0008408759604208171,0.0,0.004656228236854076,0.006931728683412075,0.0009739022934809327,0.00166299135889858,0.10511249303817749,0.0,0.096709243953228,0.04859989508986473,0.029632091522216797,0.03305896371603012,0.0,0.0,0.04732991009950638,0.04518682137131691,0.06512589752674103,0.06422950327396393,0.048620596528053284,0.0,0.0,0.008570749312639236,0.0,0.0,0.0005625902558676898,0.0,0.0,0.0,0.0,0.0,0.0,0.0,0.00932873785495758,0.0,0.0,0.09495647996664047,0.0,0.0,0.0,0.4321930408477783,0.002339359372854233,0.0,0.06914699822664261,0.0,0.0,0.3188325762748718
63,2.1,0.0,0.0,0.0,0.0,0.0,0.0,0.016300560906529427,0.0,0.0,0.0,0.0,0.0,0.0,0.01589280553162098,0.0,0.0,0.010998159646987915,0.06772163510322571,0.0,0.021864110603928566,0.0,0.0,0.005920312367379665,0.04768335446715355,0.05829029157757759,0.0006910950760357082,0.0,0.011818740516901016,0.013493042439222336,0.005957670975476503,0.0065526883117854595,0.009390532039105892,0.0,0.0,0.04172558709979057,0.0,0.0041586789302527905,0.0061858356930315495,0.008057394996285439,0.03272712230682373,0.03390295058488846,0.06591923534870148,0.06428790837526321,0.04780280217528343,0.0,0.0,0.0,0.0,0.0,0.0,0.0,0.0,0.0,0.0,0.0,0.0,0.0,0.0072221532464027405,0.0,0.0,0.06489385664463043,0.0,0.0,0.0,0.3714298605918884,0.002766299992799759,0.0,0.07075672596693039,0.0,0.0,0.2188597172498703
64,2.1333333333333333,0.0,0.0,0.0,0.0,0.0,0.0,0.01670064590871334,0.0,0.0,0.0,0.0,0.0,0.0,0.016386179253458977,0.002794821746647358,0.0,0.016357481479644775,0.1611412614583969,0.0,0.0,0.0,0.0,0.0034673213958740234,0.08837736397981644,0.09300452470779419,0.0,0.0,0.01905028149485588,0.018984615802764893,0.013754956424236298,0.01413042563945055,0.0003139715117868036,0.0,0.0,0.04326411709189415,0.0,0.004470509942620993,0.010854187421500683,0.014507479034364223,0.02314910851418972,0.0252187829464674,0.06494881212711334,0.06299561262130737,0.05015835911035538,0.0,0.0,0.0,0.0,0.0,0.0,0.0,0.0,0.0,0.0,0.0,0.0,0.04765327274799347,0.0010099145583808422,0.0,0.0,0.10862790048122406,0.0,0.0,0.0,0.711985170841217,0.0025806075427681208,0.0,0.013054467737674713,0.0,0.0,0.5485966205596924
65,2.1666666666666665,0.0,0.0,0.0,0.0,0.0,0.0,0.01511620357632637,0.0,0.0,0.0,0.0,0.0,0.0,0.014837093651294708,0.0,0.0,0.020556094124913216,0.22447733581066132,0.0,0.0,0.0,0.0,0.001079843146726489,0.1393529623746872,0.1374908685684204,0.0,0.0,0.02623598650097847,0.024280691519379616,0.021514086052775383,0.021768193691968918,0.03961441293358803,0.004334025550633669,0.0,0.04299117624759674,0.0,0.005228008609265089,0.0,0.004139413125813007,0.003941522445529699,0.006325543858110905,0.06512317806482315,0.06301307678222656,0.05288514494895935,0.0,0.0,0.0,0.0,0.0,0.0,0.0,0.0,0.0,0.0,0.0,0.0,0.29913365840911865,0.0,0.0,0.0,0.023410795256495476,0.0,0.0,0.0,0.9798216223716736,0.0,0.0,0.0,0.0,0.0,1.0
66,2.2,0.0,0.0,0.0,0.0,0.0,0.0,0.011598584242165089,0.0,0.0,0.0,0.0,0.0,0.0,0.01134564634412527,0.0,0.0,0.018423235043883324,0.188612699508667,0.0,0.0,0.0,0.0,5.9273119404679164e-05,0.17778615653514862,0.17039333283901215,0.0,0.0,0.03184499591588974,0.028511695563793182,0.02247953787446022,0.022717611864209175,0.09999345242977142,0.010832097381353378,0.0,0.050651878118515015,0.0,0.0038918168283998966,0.0,0.001947524375282228,0.008308669552206993,0.010483370162546635,0.06790871918201447,0.06569985300302505,0.05181735008955002,0.0,0.0,0.0,0.0,0.0,0.0,0.0,0.0,0.0,0.0,0.0,0.0,0.42543333768844604,0.0,0.0,0.0,0.0,0.0,0.0,0.0,1.1045423746109009,0.0,0.0,0.0,0.0,0.0,1.0
67,2.2333333333333334,0.0,0.0,0.0,0.0,0.0,0.0,0.01129674818366766,0.0,0.0,0.0,0.0,0.0,0.0,0.010986002162098885,0.0,0.0,0.015932301059365273,0.12877699732780457,0.0,0.0,0.0,0.0,0.0009884528117254376,0.18219219148159027,0.17664413154125214,0.0,0.0,0.03144624084234238,0.028251735493540764,0.020921746268868446,0.02135707065463066,0.16167792677879333,0.02058955281972885,0.0,0.04406795650720596,0.002606305992230773,0.0067023285664618015,0.0,0.0,0.0,0.0008515632944181561,0.06756086647510529,0.06568189710378647,0.050948042422533035,0.0,0.0,0.0,0.0,0.0,0.0,0.0,0.0,0.0,0.0,0.0,0.0,0.34719961881637573,0.0,0.0,0.0,0.08437709510326385,0.0,0.0,0.0,1.1832786798477173,0.0,0.0,0.0,0.0,0.0,1.0
68,2.2666666666666666,0.0,0.0,0.0,0.0,0.0,0.0,0.013066859915852547,0.0,0.0,0.0,0.0,0.0,0.0,0.012769410386681557,0.0,0.0,0.012572312727570534,0.08666083216667175,0.0,0.0,0.0,0.0,0.00036096374969929457,0.20462210476398468,0.19551430642604828,0.0,0.0,0.0352921262383461,0.031201234087347984,0.020972339436411858,0.02147500030696392,0.21423913538455963,0.02470957301557064,0.0,0.044200316071510315,0.012577771209180355,0.015383965335786343,0.0,0.0,0.0,0.00022046365484129637,0.06748206168413162,0.06550391763448715,0.04834684357047081,0.0,0.0,0.0,0.0,0.0,0.0,0.0,0.0,0.0,0.0,0.0,0.0,0.08315832912921906,0.0034560561180114746,0.0,0.0,0.19041641056537628,0.0,0.0,0.0,1.0406454801559448,0.002153158187866211,0.0,0.0,0.0,0.0,0.9540646076202393
69,2.3,0.0,0.0,0.0,0.0,0.0,0.0,0.01593082770705223,0.0,0.0,0.0,0.0,0.0,0.0,0.01570848375558853,0.0,0.0,0.0070339166559278965,0.11314638704061508,0.0,0.0,0.0,0.0,0.0,0.19909457862377167,0.18058070540428162,0.0,0.0,0.033069949597120285,0.027682535350322723,0.020572280511260033,0.020834585651755333,0.16609002649784088,0.013624202460050583,0.0,0.05311653017997742,0.0,0.0011230444069951773,0.0,0.0,0.004407565575093031,0.006166191305965185,0.06795477867126465,0.06561900675296783,0.04959298297762871,0.0,0.0,0.0,0.0,0.0,0.0,0.0,0.0,0.0,0.0,0.0,0.0,0.0,0.007957786321640015,0.0,0.0,0.15075010061264038,0.0,0.0,0.0,0.6876245141029358,0.004018198698759079,0.0,0.06541261821985245,0.0,0.0,0.5439414978027344
70,2.3333333333333335,0.0,0.0,0.0,0.0,0.0,0.0,0.017330996692180634,0.0,0.0,0.0,0.0,0.0,0.0,0.017128735780715942,0.0,0.0,0.009485150687396526,0.20969776809215546,0.0,0.0,0.0,0.0,0.0,0.2009262889623642,0.18155241012573242,0.0,0.0,0.035687725991010666,0.029879780486226082,0.028103748336434364,0.028192976489663124,0.13455966114997864,0.012904233299195766,0.0,0.05446186289191246,0.0,0.0033837673254311085,0.0,0.002281331457197666,0.0,0.0013109970605000854,0.06740181148052216,0.06499156355857849,0.051802489906549454,0.0,0.0,0.0,0.0,0.0,0.0,0.0,0.0,0.0,0.0,0.0,0.0,0.0,0.010346099734306335,0.0,0.0,0.09437452256679535,0.0,0.0,0.0,0.4805552363395691,0.004503343254327774,0.0,0.10941006988286972,0.0,0.0,0.3305133581161499
71,2.3666666666666667,0.0,0.0,0.0,0.0,0.0,0.0,0.016118329018354416,0.0,0.0,0.0,0.0,0.0,0.0,0.015927886590361595,0.0,0.0,0.014396130107343197,0.29472994804382324,0.0,0.0,0.0,0.0,0.0,0.15047544240951538,0.13828687369823456,0.0,0.0,0.027004040777683258,0.02264966443181038,0.029822563752532005,0.029875580221414566,0.09554246813058853,0.012058976106345654,0.0,0.048752766102552414,0.0,0.004103499930351973,0.0,0.003177858889102936,0.0,0.0006318446830846369,0.06538121402263641,0.06296110153198242,0.05520190671086311,0.0,0.0,0.0,0.0,0.0,0.0,0.0,0.0,0.0,0.0,0.0,0.0,0.0,0.008884593844413757,0.0,0.0,0.11453035473823547,0.0,0.0,0.0,0.5517898797988892,0.003892257809638977,0.0,0.08203563839197159,0.0,0.0,0.4062333106994629
72,2.4,0.0,0.0,0.0,0.0,0.0,0.0,0.013457248918712139,0.0,0.0,0.0,0.0,0.0,0.0,0.013216168619692326,0.0,0.0,0.019409963861107826,0.349123477935791,0.0,0.0,0.0,0.0,0.0,0.1094667911529541,0.1098371297121048,0.0,0.0,0.027267245575785637,0.024194160476326942,0.03633437678217888,0.03663111850619316,0.11193704605102539,0.045008350163698196,0.0,0.01159618329256773,0.016500050202012062,0.02652496099472046,0.0,0.0,0.0,0.0,0.06073226407170296,0.0583471953868866,0.05976269021630287,0.0,0.0,0.0,0.0,0.0,0.0,0.0,0.0,0.0,0.0,0.0,0.0,0.0,0.008990943431854248,0.0,0.0,0.1627388596534729,0.0,0.0,0.0,0.6998275518417358,0.003409147262573242,0.0,0.058222949504852295,0.0,0.0,0.580416202545166
73,2.433333333333333,0.0,0.0,0.0,0.0,0.0,0.0,0.010414800606667995,0.0,0.0,0.0,0.0,0.0,0.0,0.009966710582375526,0.0,0.0,0.02642975188791752,0.2660449743270874,0.0,0.0,0.0,0.0,0.0,0.0503414049744606,0.06891332566738129,0.0,0.0,0.031143218278884888,0.03062722273170948,0.035598766058683395,0.03659781441092491,0.18742017447948456,0.09643421322107315,0.0,0.0,0.10765890032052994,0.1169436126947403,0.0,0.0,0.0,0.0,0.056792303919792175,0.05511047691106796,0.0587538443505764,0.0,0.0,0.0,0.0,0.0,0.0,0.0,0.0,0.0,0.0,0.0,0.0,0.027003876864910126,0.006125122308731079,0.0,0.0,0.22322599589824677,0.0,0.0,0.0,0.9777117371559143,0.002110317349433899,0.0,0.0,0.0,0.0,0.8920246362686157
74,2.466666666666667,0.0,0.0,0.0,0.0,0.0,0.0,0.008596980944275856,0.0,0.0,0.0,0.0,0.0,0.0,0.007880249992012978,0.0,0.0,0.021131331101059914,0.11487139016389847,0.0,0.0,0.0,0.0,0.002057631267234683,0.018684793263673782,0.04283128306269646,0.0,0.0,0.037485189735889435,0.03748374804854393,0.029603689908981323,0.0308876670897007,0.2646242082118988,0.13361063599586487,0.0,0.0,0.20205572247505188,0.20728237926959991,0.0,0.0,0.0,0.0,0.05449362471699715,0.05408943071961403,0.054380420595407486,0.0,0.0,0.0,0.0,0.0,0.0,0.0,0.0,0.0,0.0,0.0,0.0,0.08639684319496155,0.0,0.0,0.0,0.23118248581886292,0.0,0.0,0.0,1.0877742767333984,0.0033141551539301872,0.0,0.0,0.0,0.0,1.0
75,2.5,0.0,0.0,0.0,0.0,0.0,0.0,0.011041801422834396,0.0,0.0,0.0,0.0,0.0,0.0,0.010121525265276432,0.0,0.0,0.014926894567906857,0.014737886376678944,0.0,0.0,0.0,0.0,0.0037234469782561064,0.047094326466321945,0.06757732480764389,0.0,0.0,0.03254900500178337,0.032494135200977325,0.02143019810318947,0.022542212158441544,0.27513599395751953,0.10246238857507706,0.0,0.0,0.2214505970478058,0.22293560206890106,0.0,0.0,0.0,0.0,0.05605417862534523,0.05596531555056572,0.05289942026138306,0.0,0.0,0.0,0.0,0.0,0.0,0.0,0.0,0.0,0.0,0.0,0.0,0.07045307755470276,0.0,0.0,0.0,0.24135352671146393,0.0,0.0,0.0,1.121783971786499,0.003775740507990122,0.0,0.0,0.0,0.0,1.0
76,2.533333333333333,0.0,0.0,0.0,0.0,0.0,0.0,0.01452033780515194,0.0,0.0,0.0,0.0,0.0,0.0,0.013565250672399998,0.0,0.0,0.0127529576420784,0.0,0.0,0.0,0.0,0.0,0.004379451274871826,0.05038392171263695,0.0683080181479454,0.0,0.0,0.026884252205491066,0.026775775477290154,0.016702961176633835,0.017657939344644547,0.23573720455169678,0.09054264426231384,0.046631794422864914,0.0,0.2267731875181198,0.2260843962430954,0.0,0.0,0.0,0.0,0.05544547736644745,0.0553264357149601,0.05438273027539253,0.0,0.0,0.0,0.0,0.0,0.0,0.0,0.0,0.0,0.0,0.0,0.0,0.04187822341918945,0.0,0.0,0.0,0.2472381442785263,0.0,0.0,0.0,1.1202239990234375,0.004390245769172907,0.0,0.0,0.0,0.0,1.0
77,2.566666666666667,0.0,0.0,0.0,0.0,0.0,0.0,0.014368598349392414,0.0,0.0,0.0,0.0,0.0,0.0,0.013692514039576054,0.0,0.0,0.01422604639083147,0.0419715978205204,0.0,0.0,0.0,0.0,0.005635014269500971,0.02651110105216503,0.043585486710071564,0.0,0.0,0.0226865503937006,0.0232357457280159,0.015048396773636341,0.015921032056212425,0.1808498501777649,0.08726993948221207,0.0,0.0,0.16287682950496674,0.1645716279745102,0.0,0.0,0.0,0.0,0.058163370937108994,0.05743793398141861,0.053459133952856064,0.0,0.0,0.0,0.0,0.0,0.0,0.0,0.0,0.0,0.0,0.0,0.0,0.03476807847619057,0.0043045878410339355,0.0,0.0,0.21705026924610138,0.0,0.0,0.0,1.0204601287841797,0.0026743412017822266,0.0,0.0,0.0,0.0,0.9064622521400452
78,2.6,0.0,0.0,0.0,0.0,0.0,0.0,0.011497825384140015,0.0,0.0,0.0,0.0,0.0,0.0,0.011183047667145729,0.0,0.0,0.01981828548014164,0.1589394211769104,0.0,0.0,0.0,0.0,0.00538818072527647,0.07745632529258728,0.08513106405735016,0.0,0.0,0.023693017661571503,0.02312927320599556,0.01760953851044178,0.018289724364876747,0.14185625314712524,0.04903116077184677,0.0,0.0,0.06917541474103928,0.07489384710788727,0.0,0.0,0.0,0.0,0.06363718956708908,0.06207965686917305,0.05549829825758934,0.0,0.0,0.0,0.0,0.0,0.0,0.0,0.0,0.0,0.0,0.0,0.0,0.07792267203330994,0.0026497840881347656,0.0,0.0,0.16608910262584686,0.0,0.0,0.0,0.9584946632385254,0.002016216516494751,0.0,0.0,0.0,0.0,0.8526658415794373
79,2.6333333333333333,0.0,0.0,0.0,0.0,0.0,0.0,0.00970168225467205,0.0,0.0,0.0,0.0,0.0,0.0,0.00949872750788927,0.0,0.0,0.022487491369247437,0.25777697563171387,0.0,0.0,0.0,0.0,0.0033165074419230223,0.13748864829540253,0.13578924536705017,0.0,0.0,0.03245174139738083,0.029944362118840218,0.021847860887646675,0.0222617294639349,0.14028669893741608,0.030928540974855423,0.0,0.008025494404137135,0.023739129304885864,0.03165743499994278,0.0,0.0,0.0,0.0,0.06744159758090973,0.06582365185022354,0.05674578621983528,0.0,0.0,0.0,0.0,0.0,0.0,0.0,0.0,0.0,0.0,0.0,0.0,0.09268561750650406,0.00244942307472229,0.0,0.0,0.15423907339572906,0.0,0.0,0.0,0.9465758800506592,0.0017721503973007202,0.0,0.0,0.0,0.0,0.8513436913490295
80,2.6666666666666665,0.0,0.0,0.0,0.0,0.0,0.0,0.00990317203104496,0.0,0.0,0.0,0.0,0.0,0.0,0.00977299828082323,0.0,0.0,0.020922372117638588,0.3225141763687134,0.0,0.0,0.0,0.0,0.0,0.20513558387756348,0.19188901782035828,0.0,0.0,0.04523765295743942,0.04008406400680542,0.02711614780128002,0.02719881571829319,0.16259923577308655,0.022190984338521957,0.0,0.033702999353408813,0.0,0.008158454671502113,0.0,0.0015205011004582047,0.0,0.00021644272783305496,0.06985992193222046,0.06781994551420212,0.05744059383869171,0.0,0.0,0.0,0.0,0.0,0.0,0.0,0.0,0.0,0.0,0.0,0.0,0.041665732860565186,0.003937095403671265,0.0,0.0,0.20335954427719116,0.0,0.0,0.0,0.9801435470581055,0.0026036277413368225,0.0,0.0,0.0,0.0,0.8707001805305481
81,2.7,0.0,0.0,0.0,0.0,0.0,0.0,0.011780250817537308,0.0,0.0,0.0,0.0,0.0,0.0,0.011662027798593044,0.0,0.0,0.013851231895387173,0.3475589454174042,0.0,0.0,0.0,0.0,0.0,0.24805207550525665,0.22426052391529083,0.0,0.0,0.05123216658830643,0.04381255805492401,0.030671337619423866,0.03055858425796032,0.20374490320682526,0.02489745244383812,0.0,0.044263262301683426,0.0,0.006789519917219877,0.0,0.0016915248706936836,0.0,0.0,0.07087250053882599,0.06860677897930145,0.05689173936843872,0.0,0.0,0.0,0.0,0.0,0.0,0.0,0.0,0.0,0.0,0.0,0.0,0.05253002047538757,0.0047345757484436035,0.0,0.0,0.20637422800064087,0.0,0.0,0.0,0.9942064881324768,0.0022353529930114746,0.0,0.0,0.0,0.0,0.9090626835823059
82,2.7333333333333334,0.0,0.0,0.0,0.0,0.0,0.0,0.011772978119552135,0.0,0.0,0.0,0.0,0.0,0.0,0.011634381487965584,0.0,0.0,0.007797386031597853,0.3436320722103119,0.0,0.0,0.0,0.0,0.0,0.2792470157146454,0.24889905750751495,0.0,0.0,0.055807068943977356,0.04692276939749718,0.032314274460077286,0.032240964472293854,0.25561705231666565,0.03241565078496933,0.0,0.04646098241209984,0.0,0.006371672730892897,0.0,0.00027688455884344876,0.0,0.0,0.07140854746103287,0.06893902271986008,0.055912408977746964,0.0,0.0,0.0,0.0,0.0,0.0,0.0,0.0,0.0,0.0,0.0,0.0,0.08424682170152664,0.004631727933883667,0.0,0.0,0.18902885913848877,0.0,0.0,0.0,1.0031787157058716,0.001642957329750061,0.0,0.0,0.0,0.0,0.9416404366493225
83,2.7666666666666666,0.0,0.0,0.0,0.0,0.0,0.0,0.009025290608406067,0.0,0.0,0.0,0.0,0.0,0.0,0.008882533758878708,0.0,0.0,0.005264115985482931,0.3285312354564667,0.0,0.0,0.0,0.0,0.0,0.2874261438846588,0.25459909439086914,0.0,0.0,0.056388337165117264,0.04695344716310501,0.032782357186079025,0.03271818533539772,0.27272161841392517,0.03487247973680496,0.0,0.0480753518640995,0.0,0.005919336806982756,0.0,0.0,0.0,0.0,0.07386250048875809,0.07133862376213074,0.05496436357498169,0.0,0.0,0.0,0.0,0.0,0.0,0.0,0.0,0.0,0.0,0.0,0.0,0.0431482270359993,0.004806399345397949,0.0,0.0,0.2021586000919342,0.0,0.0,0.0,0.9564719796180725,0.0021454691886901855,0.0,0.0,0.0,0.0,0.8655501008033752
84,2.8,0.0,0.0,0.0,0.0,0.0,0.0,0.00712566589936614,0.0,0.0,0.0,0.0,0.0,0.0,0.007000558543950319,0.0,0.0,0.004727316088974476,0.3043181002140045,0.0,0.0,0.0,0.0,0.0,0.28970107436180115,0.2555018961429596,0.0,0.0,0.05571332201361656,0.046261802315711975,0.03176971897482872,0.03176267072558403,0.27879798412323,0.03422155603766441,0.0,0.049901582300662994,0.0,0.005144316237419844,0.0,0.0,0.0,0.0,0.07660336047410965,0.07405677437782288,0.053798846900463104,0.0,0.0,0.0,0.0,0.0,0.0,0.0,0.0,0.0,0.0,0.0,0.0,0.04229630157351494,0.004417240619659424,0.0,0.0,0.18162547051906586,0.0,0.0,0.0,0.8839231133460999,0.0018575787544250488,0.0,0.0,0.0,0.0,0.7873449325561523
85,2.8333333333333335,0.0,0.0,0.0,0.0,0.0,0.0,0.005787167232483625,0.0,0.0,0.0,0.0,0.0,0.0,0.005686095450073481,0.0,0.0,0.003995293285697699,0.29454588890075684,0.0,0.0,0.0,0.0,0.0,0.2857891619205475,0.2508414089679718,0.0,0.0,0.05465489253401756,0.04522917792201042,0.03201821818947792,0.032035280019044876,0.2656693458557129,0.03417138010263443,0.0,0.04988913610577583,0.0,0.005150023382157087,0.0,9.879355638986453e-05,0.0,0.0,0.07747305929660797,0.07470474392175674,0.05370455980300903,0.0,0.0,0.0,0.0,0.0,0.0,0.0,0.0,0.0,0.0,0.0,0.0,0.029036786407232285,0.003667309880256653,0.0,0.0,0.16800470650196075,0.0,0.0,0.0,0.8166269659996033,0.002001531422138214,0.0,0.0,0.0,0.0,0.6984142065048218
86,2.8666666666666667,0.0,0.0,0.0,0.0,0.0,0.0,0.002276940969750285,0.0,0.0,0.0,0.0,0.0,0.0,0.002194969216361642,0.0,0.0,0.003603951307013631,0.28409427404403687,0.0,0.0,0.0,0.0,0.0,0.25862178206443787,0.22608721256256104,0.0,0.0,0.049721609801054,0.04100563004612923,0.030460191890597343,0.030524229630827904,0.23776106536388397,0.03228025138378143,0.0,0.0457322932779789,0.0,0.00523878401145339,0.0,0.0006659679929725826,0.0,0.0,0.07805165648460388,0.0753321647644043,0.05415741726756096,0.0,0.0,0.0,0.0,0.0,0.0,0.0,0.0,0.0,0.0,0.0,0.0,0.02978166565299034,0.002592906355857849,0.0,0.0,0.12248903512954712,0.0,0.0,0.0,0.6612101197242737,0.0014907121658325195,0.0,0.0,0.0,0.0,0.5308336615562439
87,2.9,0.0,0.0,0.0,0.0,0.0,0.0,0.0017189313657581806,0.0,0.0,0.0,0.0,0.0,0.0,0.0016047911485657096,0.0,0.0,0.0035825353115797043,0.2800888121128082,0.0,0.0,0.0,0.0,0.0,0.2320718616247177,0.20244579017162323,0.0,0.0,0.043159496039152145,0.035375166684389114,0.028435489162802696,0.028513599187135696,0.21963076293468475,0.027547962963581085,0.0,0.045706164091825485,0.0,0.0044298660941421986,0.0,0.000798971566837281,0.0,0.0,0.07841659337282181,0.07575860619544983,0.05455898493528366,0.0,0.0,0.0,0.0,0.0,0.0,0.0,0.0,0.0,0.0,0.0,0.0,0.026335060596466064,0.001941189169883728,0.0,0.0,0.08588729053735733,0.0,0.0,0.0,0.522899866104126,0.0010066591203212738,0.0,0.0,0.0,0.0,0.383089542388916
88,2.933333333333333,0.0,0.0,0.0,0.0,0.0,0.0,0.0017396743642166257,0.0,0.0,0.0,0.0,0.0,0.0,0.001585170510224998,0.0,0.0,0.005277582909911871,0.252098947763443,0.0,0.0,0.0,0.0,0.0,0.1989666372537613,0.17458687722682953,0.0,0.0,0.03531229496002197,0.028879361227154732,0.02496473304927349,0.025066498667001724,0.19955363869667053,0.023418068885803223,0.0,0.04435758292675018,0.0,0.0033923734445124865,0.0,0.00024036274407990277,0.0,0.0,0.0781162828207016,0.0756436139345169,0.05433555692434311,0.0,0.0,0.0,0.0,0.0,0.0,0.0,0.0,0.0,0.0,0.0,0.0,0.006882047280669212,0.002122834324836731,0.0,0.0,0.07542632520198822,0.0,0.0,0.0,0.4314904808998108,0.0008270405232906342,0.0,0.0,0.0,0.0,0.2820189893245697
89,2.966666666666667,0.0,0.0,0.0,0.0,0.0,0.0,0.002587095135822892,0.0,0.0,0.0,0.0,0.0,0.0,0.002386949025094509,0.0,0.0,0.008964218199253082,0.21865524351596832,0.0,0.0,0.0,0.0,0.0,0.16069722175598145,0.1436922401189804,0.0,0.0,0.026649359613656998,0.022082209587097168,0.0207199826836586,0.020915398374199867,0.1622558832168579,0.01614120975136757,0.0,0.04403825104236603,0.0,0.0022324095480144024,0.0,0.00012127873924328014,0.0,0.0,0.07851845026016235,0.07624559849500656,0.054543718695640564,0.0,0.0,0.0,0.0,0.0,0.0,0.0,0.0,0.0,0.0,0.0,0.0,0.0,0.0027818605303764343,0.0,0.0,0.08807458728551865,0.0,0.0,0.0,0.454029381275177,0.0010170601308345795,0.0,0.0025723809376358986,0.0,0.0,0.30594223737716675
90,3.0,0.0,0.0,0.0,0.0,0.0,0.0,0.0028852359391748905,0.0,0.0,0.0,0.0,0.0,0.0,0.0026175405364483595,0.0,0.0,0.011880713514983654,0.17748646438121796,0.0,0.0,0.0,0.0,7.125525007722899e-05,0.11726237833499908,0.10817259550094604,0.0,0.0,0.01638459414243698,0.013866177760064602,0.015454545617103577,0.015746939927339554,0.13315199315547943,0.011028333567082882,0.0,0.04119032993912697,0.001971734454855323,0.002918687416240573,0.0,0.0,0.0018002346623688936,0.0021780505776405334,0.07954368740320206,0.07757774740457535,0.0549253448843956,0.0,0.0,0.0,0.0,0.0,0.0,0.0,0.0,0.0,0.0,0.0,0.0,0.002832009457051754,0.002672947943210602,0.0,0.0,0.08169188350439072,0.0,0.0,0.0,0.43606144189834595,0.0007176641374826431,0.0,0.0,0.0,0.0,0.29176780581474304
91,3.033333333333333,0.0,0.0,0.0,0.0,0.0,0.0,0.0029925676062703133,0.0,0.0,0.0,0.0,0.0,0.0,0.0027251695282757282,0.0,0.0,0.009975827299058437,0.1403171867132187,0.0,0.0,0.0,0.0,0.0013704280136153102,0.07789313048124313,0.07244645059108734,0.0,0.0,0.006498937960714102,0.00526249036192894,0.010539834387600422,0.010829102247953415,0.09688420593738556,0.005307099781930447,0.0,0.037664733827114105,0.004509839229285717,0.0036079019773751497,0.0,0.0,0.01418326050043106,0.014140257611870766,0.08012152463197708,0.07825495302677155,0.05566802993416786,0.0,0.0,0.0,0.0,0.0,0.0,0.0,0.0,0.0,0.0,0.0,0.0,0.02979743853211403,0.0021035224199295044,0.0,0.0,0.04857102036476135,0.0,0.0,0.0,0.38382065296173096,1.966021955013275e-05,0.0,0.0,0.0,0.0,0.2523331344127655
92,3.066666666666667,0.0,0.0,0.0,0.0,0.0,0.0,0.005282004363834858,0.0,0.0,0.0,0.0,0.0,0.0,0.004997538402676582,0.0,0.0,0.00837711151689291,0.08482688665390015,0.0,0.0,0.0,0.0,0.0032706675119698048,0.04392648860812187,0.043857309967279434,3.8267178751993924e-05,0.0,0.0,0.00015445015742443502,0.005917623173445463,0.006320921238511801,0.07235010713338852,0.0,0.0,0.031818050891160965,0.010827428661286831,0.008817572146654129,0.0,0.0,0.02035912498831749,0.019693078473210335,0.08004270493984222,0.07842195779085159,0.05659545212984085,0.0,0.0,0.0,0.0,0.0,5.486042573465966e-05,0.0,0.0,0.0,0.0,0.0,0.0,0.0,0.0029406361281871796,0.0,0.0,0.05774521455168724,0.0,0.0,0.0,0.3513273298740387,0.0006613265722990036,0.0,0.009757859632372856,0.0,0.0,0.19621895253658295
93,3.1,0.0,0.0,0.0,0.0,0.0,0.0,0.00812516175210476,0.0,0.0,0.0,0.0,0.0,0.0,0.007846753112971783,0.0,0.0,0.00738292932510376,0.06368043273687363,0.0,0.0,0.0,0.0,0.004124718252569437,0.010502777062356472,0.012555842287838459,0.0015869115013629198,0.0,0.0,0.0004909579874947667,0.00183139240834862,0.002269128570333123,0.0313495472073555,0.0,0.00041256731492467225,0.03399818763136864,0.004550985526293516,0.001808705972507596,0.0,0.0005245254724286497,0.03690459206700325,0.03622357174754143,0.08014481514692307,0.07864675670862198,0.05772963538765907,0.0,0.0,0.0,0.0,0.0,0.0007752350647933781,0.0,0.0,0.0,0.0,0.0,0.0,0.0,0.005346167832612991,0.0,0.0,0.04570908844470978,0.0,0.0,0.0,0.29971086978912354,0.0012266673147678375,0.0,0.04026399925351143,0.0,0.0,0.14908239245414734
94,3.1333333333333333,0.0,0.0,0.0,0.0,0.0,0.0,0.008478795178234577,0.0,0.0,0.0,0.0,0.0,0.0,0.008230121806263924,0.0,0.0,0.00890181865543127,0.07008634507656097,0.0,0.02302497625350952,0.0,0.0,0.004671988543123007,0.0064316424541175365,0.009590690955519676,0.0018582724733278155,0.0,0.0,0.0005778830382041633,0.0017376253381371498,0.0021314702462404966,0.017355136573314667,0.0,0.00205091736279428,0.03442186489701271,0.00431847432628274,0.0013870573602616787,0.0,0.0005345512181520462,0.03820762410759926,0.037949755787849426,0.08085650950670242,0.07923345267772675,0.06066450849175453,0.0,0.0,0.0,0.0,0.0,0.0010700880084186792,0.00047288741916418076,0.0,0.0,0.0,0.0,0.0,0.0,0.01055920496582985,0.0,0.0,0.06218012049794197,0.0,0.0,0.0,0.32457491755485535,0.002337077632546425,0.0,0.08948320895433426,0.0,0.0,0.20193804800510406
95,3.1666666666666665,0.0,0.0,0.0,0.0,0.0,0.0,0.00877427775412798,0.0,0.0,0.0,0.0,0.0,0.0,0.008524395525455475,0.0,0.0,0.009482077322900295,0.05209076404571533,0.0,0.03981011360883713,0.0,0.0,0.005090327467769384,0.008026865310966969,0.012179731391370296,0.0018353088526055217,0.0,0.0,0.0008154056267812848,0.001923017087392509,0.0023056489881128073,0.007548639550805092,0.0,0.004112929571419954,0.033494479954242706,0.004493340849876404,0.002116964664310217,0.0,0.0004813419363927096,0.0368242971599102,0.036902811378240585,0.08076326549053192,0.07935646921396255,0.06300675868988037,0.0,0.0,0.0,0.0,0.0,0.0018802840495482087,0.001465460518375039,0.0,0.0,0.0,0.0,0.0,0.0,0.014712542295455933,0.0,0.0,0.07415320724248886,0.0,0.0,0.0,0.34152740240097046,0.003173215314745903,0.0,0.12859797477722168,0.0,0.0,0.24071943759918213
96,3.2,0.0,0.0,0.0,0.0,0.0,0.0,0.006112207192927599,0.0,0.0,0.0,0.0,0.0,0.0,0.005962324794381857,0.0,0.0,0.008268053643405437,0.051851190626621246,0.0,0.052326153963804245,0.0,0.0,0.0044090636074543,0.00777479400858283,0.011540467850863934,0.0016000320902094245,0.0,0.0,0.0006835605017840862,0.0018655266612768173,0.0021957859862595797,0.0019214447820559144,0.0,0.004288640338927507,0.03614131361246109,0.001889637322165072,0.0,0.0,0.0003812446375377476,0.04085096716880798,0.04137849435210228,0.08041906356811523,0.07895312458276749,0.06522265821695328,0.0,0.0,0.0,0.0,0.0,0.0031189077999442816,0.002813041675835848,0.0,0.0,0.0,0.0,0.0,0.0,0.016523562371730804,0.0,0.0,0.07625627517700195,0.0,0.0,0.0,0.33701759576797485,0.0034426432102918625,0.0,0.14526230096817017,0.0,0.0,0.24593469500541687
97,3.2333333333333334,0.0,0.0,0.0,0.0,0.0,0.0,0.004918219987303019,0.0,0.0,0.0,0.0,0.0,0.0,0.004842092283070087,0.0017742826603353024,0.0,0.008846603333950043,0.055482011288404465,0.0,0.013635658659040928,0.0,0.0,0.0031783950980752707,0.03414880856871605,0.03627113625407219,0.0005332065629772842,0.0,0.0024033300578594208,0.0028711336199194193,0.0037583650555461645,0.003997271414846182,0.0,0.0,0.0,0.04202723130583763,0.0,0.0,0.004035511519759893,0.005392670165747404,0.049114372581243515,0.0502275787293911,0.08123794198036194,0.07963166385889053,0.06734957545995712,0.0,0.0,0.0,0.0,0.0,0.004381757229566574,0.004330203402787447,0.0,0.0,0.0,0.0,0.0,0.0,0.017401494085788727,0.0,0.0,0.09865638613700867,0.0,0.0,0.0,0.41030868887901306,0.003790285438299179,0.0,0.1492859572172165,0.0,0.0,0.32796716690063477
98,3.2666666666666666,0.0,0.0,0.0,0.0,0.0,0.0,0.005124123767018318,0.0,0.0,0.0,0.0,0.0,0.0,0.005059141665697098,0.0,0.0,0.00843313429504633,0.04902537539601326,0.0,0.0,0.0,0.0,0.0017376542091369629,0.068365179002285,0.06674818694591522,0.0,0.0,0.009357254952192307,0.008802050724625587,0.006630496121942997,0.006787761580199003,0.0012470872607082129,0.0,0.0,0.04356727376580238,0.0,0.0,0.0002460148825775832,0.0026148378383368254,0.04958551749587059,0.05085558816790581,0.0812629982829094,0.07958737015724182,0.06902240216732025,0.0,0.0,0.0,0.0,0.0,0.0036936660762876272,0.003755619516596198,0.0,0.0,0.0,0.0,0.0,0.0,0.014115467667579651,0.0,0.0,0.13833285868167877,0.0,0.0,0.0,0.5871428847312927,0.003931272774934769,0.0,0.1140333041548729,0.0,0.0,0.4860871732234955
99,3.3,0.0,0.0,0.0,0.0,0.0,0.0,0.006519482005387545,0.0,0.0,0.0,0.0,0.0,0.0,0.006438605487346649,0.0,0.0,0.006227151956409216,0.0481414720416069,0.0,0.0,0.0,0.0,0.0004264963499736041,0.10658865422010422,0.10015250742435455,0.0,0.0,0.016025139018893242,0.014408671297132969,0.008537225425243378,0.008674523793160915,0.02131352387368679,0.0,0.0,0.04283484071493149,0.0,0.000338099169312045,0.0,0.0025929950643330812,0.04767192155122757,0.04863739758729935,0.08033174276351929,0.07836272567510605,0.07164132595062256,0.0,0.0,0.0,0.0,0.0,0.002494320273399353,0.0026293452829122543,0.0,0.0,0.0,0.0,0.0,0.0,0.011696189641952515,0.0,0.0,0.19115380942821503,0.0,0.0,0.0,0.814365029335022,0.004635453224182129,0.0,0.08916649222373962,0.0,0.0,0.6944283843040466
100,3.3333333333333335,0.0,0.0,0.0,0.0,0.0,0.0,0.008663510903716087,0.0,0.0,0.0,0.0,0.0,0.0,0.008631506934762001,0.0,0.0,0.0018947281641885638,0.06667782366275787,0.0,0.0,0.0,0.0,0.0,0.17584389448165894,0.1595383882522583,0.0,0.0,0.030075836926698685,0.026094477623701096,0.015098936855793,0.015076691284775734,0.045239511877298355,0.0040974863804876804,0.0,0.04552244022488594,0.0,0.0021086104679852724,0.0,0.003832777962088585,0.04096502438187599,0.04143565520644188,0.07899602502584457,0.07648520171642303,0.07387078553438187,0.0,0.0,0.0,0.0,0.0,0.0,0.0,0.0,0.0,0.0,0.0,0.0,0.0,0.010073661804199219,0.0,0.0,0.21257427334785461,0.0,0.0,0.0,0.9234474897384644,0.005377836525440216,0.0,0.08133511990308762,0.0,0.0,0.7825614213943481
101,3.3666666666666667,0.0,0.0,0.0,0.0,0.0,0.0,0.00926404818892479,0.0,0.0,0.0,0.0,0.0,0.0,0.009243616834282875,0.0,0.0,2.0854908143519424e-05,0.08105724304914474,0.0,0.0,0.0,0.0,0.0,0.2026827335357666,0.18257947266101837,0.0,0.0,0.035352542996406555,0.030482521280646324,0.017570141702890396,0.017537686973810196,0.06185754016041756,0.007976214401423931,0.0,0.047772642225027084,0.0,0.0026828250847756863,0.0,0.004024816676974297,0.03767632693052292,0.038011666387319565,0.07990316301584244,0.07713544368743896,0.07498719543218613,0.0,0.0,0.0,0.0,0.0,0.0,0.0,0.0,0.0,0.0,0.0,0.0,0.0,0.00884091854095459,0.0,0.0,0.21306836605072021,0.0,0.0,0.0,0.9398293495178223,0.005446329712867737,0.0,0.07315166294574738,0.0,0.0,0.7878254055976868
102,3.4,0.0,0.0,0.0,0.0,0.0,0.0,0.010373602621257305,0.0,0.0,0.0,0.0,0.0,0.0,0.010352158918976784,0.0,0.00048162133316509426,0.0,0.11165706813335419,0.0,0.0,0.0,0.0,0.0,0.22407515347003937,0.20035460591316223,0.0,0.0,0.03908916562795639,0.03340701758861542,0.019616929814219475,0.01952430047094822,0.07949653267860413,0.011754236184060574,0.0,0.04993979260325432,0.0,0.0029519367963075638,0.0,0.00405268557369709,0.03448163717985153,0.0347486175596714,0.08072454482316971,0.07771268486976624,0.07624500244855881,0.0,0.0,0.0,0.0,0.0,0.0,0.0,0.0,0.0,0.0,0.0,0.0,0.006508141756057739,0.006059333682060242,0.0,0.0,0.2068052738904953,0.0,0.0,0.0,0.948954701423645,0.004873557481914759,0.0,0.04676952213048935,0.0,0.0,0.7877922058105469
103,3.433333333333333,0.0,0.0,0.0,0.0,0.0,0.0,0.013441089540719986,0.0,0.0,0.0,0.0,0.0,0.0,0.01337316632270813,0.0,0.0,0.0,0.12408806383609772,0.0,0.0,0.0,0.0,0.0,0.24586200714111328,0.21933415532112122,0.0,0.0,0.04285790026187897,0.036534618586301804,0.021236518397927284,0.02113068848848343,0.08879805356264114,0.013261343352496624,0.0,0.0551505982875824,0.0,0.002734988695010543,0.0,0.004619030747562647,0.03945770859718323,0.03985617309808731,0.08119883388280869,0.07814988493919373,0.07584748417139053,0.0,0.0,0.0,0.0,0.0,0.0,0.0,0.0,0.0,0.0,0.0,0.0,0.01760503649711609,0.004853497724980116,0.0,0.0,0.1945890486240387,0.0,0.0,0.0,0.9308938384056091,0.004452960565686226,0.0,0.03662881255149841,0.0,0.0,0.7741230726242065
104,3.466666666666667,0.0,0.0,0.0,0.0,0.0,0.0,0.014913630671799183,0.0,0.0,0.0,0.0,0.0,0.0,0.0148330582305789,0.0,0.0,0.0005483413115143776,0.15619921684265137,0.0,0.0,0.0,0.0,0.0,0.268864244222641,0.23882479965686798,0.0,0.0,0.04690723866224289,0.03981230407953262,0.02354736253619194,0.023418134078383446,0.11269675195217133,0.016269637271761894,0.0,0.05905092880129814,0.0,0.0028940499760210514,0.0,0.004828335717320442,0.037292685359716415,0.037929829210042953,0.08237334340810776,0.07922600209712982,0.07561767101287842,0.0,0.0,0.0,0.0,0.0,0.0,0.0,0.0,0.0,0.0,0.0,0.0,0.05685567855834961,0.0019897730089724064,0.0,0.0,0.17111442983150482,0.0,0.0,0.0,0.9490118026733398,0.003290825290605426,0.0,0.010274313390254974,0.0,0.0,0.8081737756729126
105,3.5,0.0,0.0,0.0,0.0,0.0,0.0,0.015075955539941788,0.0,0.0,0.0,0.0,0.0,0.0,0.014987863600254059,0.0,0.0,0.0007288671913556755,0.18083027005195618,0.0,0.0,0.0,0.0,0.0,0.2761775553226471,0.24368415772914886,0.0,0.0,0.047723446041345596,0.04023401439189911,0.02414015308022499,0.023975828662514687,0.1200822964310646,0.018285993486642838,0.0,0.06066343933343887,0.0,0.002771852072328329,0.0,0.005191225092858076,0.037775635719299316,0.03821125254034996,0.08334086835384369,0.08003600686788559,0.07670778781175613,0.0,0.0,0.0,0.0,0.0,0.0,0.0,0.0,0.0,0.0,0.0,0.0,0.08717965334653854,0.0007153153419494629,0.0,0.0,0.13713529706001282,0.0,0.0,0.0,0.8932226300239563,0.002257928252220154,0.0,0.0,0.0,0.0,0.7716888785362244
106,3.533333333333333,0.0,0.0,0.0,0.0,0.0,0.0,0.015675300732254982,0.0,0.0,0.0,0.0,0.0,0.0,0.015546591021120548,0.0,0.0,0.0021703399252146482,0.18874867260456085,0.0,0.0,0.0,0.0,0.0,0.28080445528030396,0.2483309507369995,0.0,0.0,0.04830231890082359,0.04089030995965004,0.023655366152524948,0.02349599450826645,0.12032948434352875,0.016947798430919647,0.0,0.06290076673030853,0.0,0.002642808947712183,0.0,0.005404306575655937,0.04301747307181358,0.043532125651836395,0.08384844660758972,0.08052026480436325,0.07654087245464325,0.0,0.0,0.0,0.0,0.0,0.0,0.0,0.0,0.0,0.0,0.0,0.0,0.13003984093666077,0.00048342347145080566,0.0,0.0,0.10446611791849136,0.0,0.0,0.0,0.8653300404548645,0.0013222694396972656,0.0,0.0,0.0,0.0,0.7777844071388245
107,3.566666666666667,0.0,0.0,0.0,0.0,0.0,0.0,0.015733132138848305,0.0,0.0,0.0,0.0,0.0,0.0,0.015602311119437218,0.0,0.0,0.0025644528213888407,0.19271573424339294,0.0,0.0,0.0,0.0,0.0,0.2751010060310364,0.2428889125585556,0.0,0.0,0.046500734984874725,0.03927822411060333,0.02288188971579075,0.022739751264452934,0.12214630842208862,0.016659431159496307,0.0,0.06271608918905258,0.0,0.0022502709180116653,0.0,0.00516518484801054,0.043728966265916824,0.04418860375881195,0.08412761241197586,0.08078273385763168,0.07633905857801437,0.0,0.0,0.0,0.0,0.0,0.0,0.0,0.0,0.0,0.0,0.0,0.0,0.13610321283340454,0.0004877150058746338,0.0,0.0,0.0989479348063469,0.0,0.0,0.0,0.8582783341407776,0.0011494532227516174,0.0,0.0,0.0,0.0,0.7756748199462891
108,3.6,0.0,0.0,0.0,0.0,0.0,0.0,0.015267213806509972,0.0,0.0,0.0,0.0,0.0,0.0,0.015161418356001377,0.0,0.0,0.00127609062474221,0.20078499615192413,0.0,0.0,0.0,0.0,0.0,0.28880003094673157,0.2537175118923187,0.0,0.0,0.04847690835595131,0.040664032101631165,0.023967651650309563,0.023767611011862755,0.13996750116348267,0.018945107236504555,0.0,0.06445951014757156,0.0,0.002250338438898325,0.0,0.0048369853757321835,0.042156461626291275,0.04241573438048363,0.08491092175245285,0.08140015602111816,0.0772690623998642,0.0,0.0,0.0,0.0,0.0,0.0,0.0,0.0,0.0,0.0,0.0,0.0,0.15693749487400055,0.00031194090843200684,0.0,0.0,0.08182258158922195,0.0,0.0,0.0,0.8436142206192017,0.0006886720657348633,0.0,0.0,0.0,0.0,0.7754583358764648
109,3.6333333333333333,0.0,0.0,0.0,0.0,0.0,0.0,0.01495237834751606,0.0,0.0,0.0,0.0,0.0,0.0,0.014849340543150902,0.0,0.0,0.0011297966120764613,0.20545119047164917,0.0,0.0,0.0,0.0,0.0,0.29831424355506897,0.26186373829841614,0.0,0.0,0.05008361116051674,0.04195600375533104,0.0246767308562994,0.024475285783410072,0.15255992114543915,0.02058633789420128,0.0,0.06541486829519272,0.0,0.00230979616753757,0.0,0.004497741814702749,0.04010150954127312,0.040367241948843,0.08503827452659607,0.08151078969240189,0.07759859412908554,0.0,0.0,0.0,0.0,0.0,0.0,0.0,0.0,0.0,0.0,0.0,0.0,0.14545303583145142,0.0005531907081604004,0.0,0.0,0.09232528507709503,0.0,0.0,0.0,0.8529102206230164,0.0008980855345726013,0.0,0.0,0.0,0.0,0.7791435718536377
110,3.6666666666666665,0.0,0.0,0.0,0.0,0.0,0.0,0.014142261818051338,0.0,0.0,0.0,0.0,0.0,0.0,0.0140407495200634,0.0,0.0,0.0012134845601394773,0.19353461265563965,0.0,0.0,0.0,0.0,0.0,0.29119065403938293,0.2557026147842407,0.0,0.0,0.04769089072942734,0.03982158377766609,0.024004925042390823,0.023812226951122284,0.15222203731536865,0.019768204540014267,0.0,0.06644752621650696,0.0,0.0016191883478313684,0.0,0.004054032266139984,0.04328707605600357,0.043518561869859695,0.08617283403873444,0.0826786458492279,0.07810647785663605,0.0,0.0,0.0,0.0,0.0,0.0,0.0,0.0,0.0,0.0,0.0,0.0,0.11910918354988098,0.0009869039058685303,0.0,0.0,0.11761049926280975,0.0,0.0,0.0,0.8842616081237793,0.0014505237340927124,0.0,0.0,0.0,0.0,0.794005274772644
111,3.7,0.0,0.0,0.0,0.0,0.0,0.0,0.012297258712351322,0.0,0.0,0.0,0.0,0.0,0.0,0.012230957858264446,0.0,0.00022194073244463652,0.0,0.205246239900589,0.0,0.0,0.0,0.0,0.0,0.2943306565284729,0.25667086243629456,0.0,0.0,0.046811364591121674,0.0384579636156559,0.02425231598317623,0.023914096876978874,0.17027536034584045,0.0214336346834898,0.0,0.06750013679265976,0.0,0.0008054803474806249,0.0,0.002974006813019514,0.04137448966503143,0.04146058112382889,0.0871838852763176,0.08365359902381897,0.07934486865997314,0.0,0.0,0.0,0.0,0.0,0.0,0.0,0.0,0.0,0.0,0.0,0.0,0.029858410358428955,0.0022773141972720623,0.0,0.0,0.1677432507276535,0.0,0.0,0.0,0.8465701937675476,0.0026865187101066113,0.0,0.0006759241223335266,0.0,0.0,0.7051998376846313
112,3.7333333333333334,0.0,0.0,0.0,0.0,0.0,0.0,0.009786081500351429,0.0,0.0,0.0,0.0,0.0,0.0,0.00973189901560545,0.0,0.0,0.0,0.20570974051952362,0.0,0.0,0.0,0.0,0.0,0.26951202750205994,0.23505020141601562,0.0,0.0,0.041254911571741104,0.03386520966887474,0.022590739652514458,0.022402433678507805,0.16676372289657593,0.018539026379585266,0.0,0.06547266244888306,0.0,0.0005117763648740947,0.0,0.0025927131064236164,0.04061904549598694,0.040599290281534195,0.08776110410690308,0.08440656960010529,0.07881855964660645,0.0,0.0,0.0,0.0,0.0,0.0,0.0,0.0,0.0,0.0,0.0,0.0,0.011471126228570938,0.0017953962087631226,0.0,0.0,0.12910768389701843,0.0,0.0,0.0,0.6583515405654907,0.002149611711502075,0.0,0.0,0.0,0.0,0.5016695857048035
113,3.7666666666666666,0.0,0.0,0.0,0.0,0.0,0.0,0.008743557147681713,0.0,0.0,0.0,0.0,0.0,0.0,0.008693319745361805,0.0,0.0,0.0012877690605819225,0.1865285336971283,0.0,0.0,0.0,0.0,0.0,0.23279313743114471,0.20352494716644287,0.0,0.0,0.032857369631528854,0.026832785457372665,0.019673142582178116,0.019545115530490875,0.14684966206550598,0.013419856317341328,0.0,0.06322396546602249,0.0,0.0,0.0,0.0021807008888572454,0.04556993767619133,0.045764561742544174,0.08871772885322571,0.08552024513483047,0.07836704701185226,0.0,0.0,0.0,0.0,0.0,0.0,0.0,0.0,0.0,0.0,0.0,0.0,0.0,0.0022495388984680176,0.0,0.0,0.09061636030673981,0.0,0.0,0.0,0.48645341396331787,0.0018693432211875916,0.0,0.011025659739971161,0.0,0.0,0.3202984631061554
114,3.8,0.0,0.0,0.0,0.0,0.0,0.0,0.008718417957425117,0.0,0.0,0.0,0.0,0.0,0.0,0.008713049814105034,0.0,0.0,0.0006094977143220603,0.18783342838287354,0.0,0.0,0.0,0.0,0.0,0.20680192112922668,0.1785120815038681,0.0,0.0,0.026924151927232742,0.021281754598021507,0.018841376528143883,0.01867021434009075,0.12679418921470642,0.012811808846890926,0.0,0.06076022982597351,0.0,0.0,0.0,0.002538032829761505,0.04511245712637901,0.045620840042829514,0.08805690705776215,0.084886834025383,0.07894226908683777,0.0,0.0,0.0,0.0,0.0,0.0,0.0,0.0,0.0,0.0,0.0,0.0,0.0,0.0022943466901779175,0.0,0.0,0.060265060514211655,0.0,0.0,0.0,0.37650272250175476,0.0016620047390460968,0.0,0.018600989133119583,0.0,0.0,0.20582644641399384
115,3.8333333333333335,0.0,0.0,0.0,0.0,0.0,0.0,0.006888378411531448,0.0,0.0,0.0,0.0,0.0,0.0,0.006902774330228567,0.0,0.0,0.0,0.1852295696735382,0.0,0.0,0.0,0.0,0.0,0.19879400730133057,0.16960309445858002,0.0,0.0,0.02495884895324707,0.01916506700217724,0.01925196312367916,0.018957052379846573,0.11458900570869446,0.012319137342274189,0.0,0.05998910218477249,0.0,0.0,0.0,0.0028250485192984343,0.045715223997831345,0.04605720564723015,0.0888412818312645,0.085759237408638,0.0794934406876564,0.0,0.0,0.0,0.0,0.0,0.0,0.0,0.0,0.0,0.0,0.0,0.0,0.0,0.00047054141759872437,0.0,0.0,0.039002761244773865,0.0,0.0,0.0,0.3126448392868042,0.0011133728548884392,0.0,0.004328488372266293,0.0,0.0,0.12954935431480408
116,3.8666666666666667,0.0,0.0,0.0,0.0,0.0,0.0,0.00773831969127059,0.0,0.0,0.0,0.0,0.0,0.0,0.00773921562358737,0.0,0.0,0.0030464723240584135,0.17571786046028137,0.0,0.0,0.0,0.0,0.0,0.17542622983455658,0.15057039260864258,0.0,0.0,0.02041017822921276,0.0156940259039402,0.018162621185183525,0.01797598972916603,0.0891023650765419,0.00985763967037201,0.0,0.05806247517466545,0.0,0.0,0.0,0.003211401402950287,0.04752125218510628,0.047999631613492966,0.08906631916761398,0.08608800172805786,0.08023406565189362,0.0,0.0,0.0,0.0,0.0,0.0,0.0,0.0,0.0,0.0,0.0,0.0,0.0,0.0008717179298400879,0.0,0.0,0.03091444820165634,0.0,0.0,0.0,0.27315592765808105,0.0008418885990977287,0.0,0.005887680687010288,0.0,0.0,0.09655962139368057
117,3.9,0.0,0.0,0.0,0.0,0.0,0.0,0.007826813496649265,0.0,0.0,0.0,0.0,0.0,0.0,0.007799271494150162,0.0,0.0,0.008023305796086788,0.1436009258031845,0.0,0.0,0.0,0.0,0.0,0.1630069464445114,0.14507374167442322,0.0,0.0,0.018388355150818825,0.015060623176395893,0.0165716502815485,0.016559282317757607,0.09167586266994476,0.008349612355232239,0.0,0.055388785898685455,0.0,0.0,0.0,0.001691022189334035,0.04549180343747139,0.045698195695877075,0.08903731405735016,0.08624371886253357,0.08083567023277283,0.0,0.0,0.0,0.0,0.0,0.0,0.0,0.0,0.0,0.0,0.0,0.0,0.0,0.0018280204385519028,0.0,0.0,0.028333047404885292,0.0,0.0,0.0,0.24166196584701538,0.00037741102278232574,0.0,0.006641884800046682,0.0,0.0,0.08138720691204071
118,3.933333333333333,0.0,0.0,0.0,0.0,0.0,0.0,0.006704316474497318,0.0,0.0,0.0,0.0,0.0,0.0,0.006602289155125618,0.0,0.0,0.011882335878908634,0.08594351261854172,0.0,0.0,0.0,0.0,0.0003364885051269084,0.13916483521461487,0.13086262345314026,0.0,0.0,0.014227462001144886,0.012893219478428364,0.012781152501702309,0.012959680519998074,0.10154703259468079,0.008299275301396847,0.0,0.047180671244859695,0.0,0.0005710326950065792,0.0,0.0,0.03945818170905113,0.03935442492365837,0.08903758972883224,0.0866953656077385,0.08040669560432434,0.0,0.0,0.0,0.0,0.0,0.000487454526592046,0.0,0.0,0.0,0.0,0.0,0.0,0.0,0.001893317443318665,0.0,0.0,0.017763881012797356,0.0,8.348003029823303e-05,0.0,0.20000000298023224,0.0,0.0,0.006085163448005915,0.0,0.07560381293296814,0.1282535195350647
119,3.966666666666667,0.0,0.0,0.0,0.0,0.0,0.001454629935324192,0.006801556795835495,0.0,0.0,0.0,0.0,0.0,0.0,0.006599463056772947,0.0,0.0,0.010781592689454556,0.01683497242629528,0.0,0.0,0.0,0.0,0.0021855642553418875,0.1305910050868988,0.12896758317947388,0.0,0.0,0.012509293854236603,0.012419985607266426,0.01084245927631855,0.011086794547736645,0.15064828097820282,0.010189336724579334,0.0,0.03693358227610588,0.01396987121552229,0.016516176983714104,0.0,0.0,0.023052645847201347,0.021627072244882584,0.08754950016736984,0.08576447516679764,0.08078370243310928,0.0,0.0,0.0,0.0,0.0,0.0008275445434264839,0.0,0.0,0.0,0.0,0.0,0.0,0.0,0.0,0.0,0.0,0.017984874546527863,0.0,0.0,0.0,0.20000000298023224,0.0,0.0,0.0,0.0038908449932932854,0.045786935836076736,0.10373497009277344
120,4.0,0.0,0.0,0.0,0.0,0.0,0.004845848307013512,0.004679364152252674,0.0,0.0,0.0,0.0,0.0,0.0012393089709803462,0.0044826967641711235,0.0,0.0,0.007693951018154621,0.0,0.0,0.0,0.0,0.0,0.0021125799976289272,0.11530895531177521,0.11425957828760147,0.0,0.0,0.0076315500773489475,0.007903769612312317,0.007731074001640081,0.00794230680912733,0.13508066534996033,0.002159001538529992,0.04288238659501076,0.029652390629053116,0.016301345080137253,0.018917104229331017,0.0,0.0,0.02440047822892666,0.022209519520401955,0.08871730417013168,0.08717045187950134,0.08073210716247559,0.0,0.0,0.0,0.000551804609131068,0.0,0.0034456090070307255,0.002520357957109809,0.0,0.0,0.0,0.0,0.0,0.0,0.0,0.0,0.0,0.015373717062175274,0.0,0.0,0.004600729327648878,0.20000000298023224,0.0,0.0007520426297560334,0.0,0.013267984613776207,0.11007168889045715,0.16352887451648712
121,4.033333333333333,0.0,0.0,0.0,0.0,0.0,0.0063986824825406075,0.0030626452062278986,0.0,0.0,0.0,0.0,0.0,0.0027895972598344088,0.002903736662119627,0.0,0.0,0.005679141730070114,0.0,0.0,0.0,0.0,0.0,0.0010760483564808965,0.10534890741109848,0.10264798253774643,0.0,0.0,0.0058413660153746605,0.0057438816875219345,0.006621771492063999,0.0067124562337994576,0.10758441686630249,0.0028891819529235363,0.06658242642879486,0.024788465350866318,0.008639344945549965,0.011003789491951466,0.0,0.0,0.024524135515093803,0.022650936618447304,0.08929118514060974,0.08785093575716019,0.08206037431955338,0.0,0.0,0.0,0.0011486720759421587,0.0,0.005500370170921087,0.0047678109258413315,0.0,0.0,0.0,0.0,0.0,0.0,0.0,0.0,0.0,0.01139705441892147,0.0,0.0,0.007802932057529688,0.20000000298023224,0.0,0.0018092314712703228,0.0,0.021936094388365746,0.12173926830291748,0.16256824135780334
122,4.066666666666666,0.0,0.0,0.0,0.0,0.0,0.007784134708344936,0.004404876381158829,0.0,0.0,0.0,0.0,0.0,0.004516336601227522,0.0042074392549693584,0.0,0.0,0.004236034117639065,0.0,0.0,0.0,0.0,0.0,0.0014852205058559775,0.08882521092891693,0.08755022287368774,0.0,0.0,0.0018676508916541934,0.0022175083868205547,0.004322757478803396,0.0044244881719350815,0.0950242206454277,0.0,0.0915193259716034,0.021114332601428032,0.006699528079479933,0.008661500178277493,0.0,0.0,0.026272639632225037,0.024277538061141968,0.08766669034957886,0.08646010607481003,0.085307776927948,0.0,0.0,0.0,0.0016603271942585707,0.0,0.00790361501276493,0.007248017471283674,0.0,0.0,0.0,0.0,0.0,0.0,0.0,0.0,0.0,0.009352555498480797,0.0,0.0,0.006315482314676046,0.20000000298023224,0.0,0.002096625044941902,0.0,0.02322111837565899,0.11665840446949005,0.15039366483688354
123,4.1,0.0,0.0,0.0,0.0,0.0,0.00908738374710083,0.004151720087975264,0.0,0.0,0.0,0.0,0.0,0.005640926770865917,0.003968974109739065,0.00017641480371821672,0.0,0.0022580933291465044,0.0,0.0,0.0,0.0,0.0003377397370059043,0.0007912007276900113,0.07537373155355453,0.07138314098119736,0.0,0.0,2.3468004656024277e-05,0.0,0.002421454293653369,0.0024396840017288923,0.06253915280103683,0.0,0.10155568271875381,0.019238552078604698,0.0,0.0008177225827239454,0.0,0.0,0.03193618357181549,0.03030472807586193,0.0884668156504631,0.0873895063996315,0.08675892651081085,0.0,0.0,0.0,0.006325670517981052,0.004344345536082983,0.011170264333486557,0.010636512190103531,0.0,0.0,0.0,0.0,0.0,0.0,0.0,0.0,0.0,0.004639810416847467,0.0,0.0,0.00046833138912916183,0.20000000298023224,0.0,0.001734656747430563,0.0,0.016875730827450752,0.07111833989620209,0.0868234783411026
124,4.133333333333334,0.0,0.0,0.0,0.0,0.0,0.01029498316347599,0.0031799799762666225,0.0,0.0,0.0,0.0,0.0,0.00621382798999548,0.0030242183711379766,0.0002847661089617759,0.0,0.001952938619069755,0.0,0.0,0.0,0.0,0.0004399822501000017,0.0002610167721286416,0.060394059866666794,0.05516080930829048,0.0,6.127840606495738e-05,6.874404061818495e-05,0.0,0.001949205412529409,0.0019327650079503655,0.038680627942085266,0.0018637161701917648,0.05325339734554291,0.01880810782313347,0.0,0.00024285761173814535,0.0,0.0,0.03427569195628166,0.03260912373661995,0.08822281658649445,0.0871337354183197,0.08752378821372986,0.0,0.0,0.0,0.0092096459120512,0.007063975557684898,0.012354758568108082,0.011774303391575813,0.0,0.0,0.0,0.0,0.0,0.0045296810567379,0.0,0.0,0.0,0.0,0.0,0.0,0.0,0.21293869614601135,0.0,0.001229040208272636,0.0,0.01242753118276596,0.0,0.01183297485113144
