,timeCode,blendShapes.EyeBlinkLeft,blendShapes.EyeLookDownLeft,blendShapes.EyeLookInLeft,blendShapes.EyeLookOutLeft,blendShapes.EyeLookUpLeft,blendShapes.EyeSquintLeft,blendShapes.EyeWideLeft,blendShapes.EyeBlinkRight,blendShapes.EyeLookDownRight,blendShapes.EyeLookInRight,blendShapes.EyeLookOutRight,blendShapes.EyeLookUpRight,blendShapes.EyeSquintRight,blendShapes.EyeWideRight,blendShapes.JawForward,blendShapes.JawLeft,blendShapes.JawRight,blendShapes.JawOpen,blendShapes.MouthClose,blendShapes.MouthFunnel,blendShapes.MouthPucker,blendShapes.MouthLeft,blendShapes.MouthRight,blendShapes.MouthSmileLeft,blendShapes.MouthSmileRight,blendShapes.MouthFrownLeft,blendShapes.MouthFrownRight,blendShapes.MouthDimpleLeft,blendShapes.MouthDimpleRight,blendShapes.MouthStretchLeft,blendShapes.MouthStretchRight,blendShapes.MouthRollLower,blendShapes.MouthRollUpper,blendShapes.MouthShrugLower,blendShapes.MouthShrugUpper,blendShapes.MouthPressLeft,blendShapes.MouthPressRight,blendShapes.MouthLowerDownLeft,blendShapes.MouthLowerDownRight,blendShapes.MouthUpperUpLeft,blendShapes.MouthUpperUpRight,blendShapes.BrowDownLeft,blendShapes.BrowDownRight,blendShapes.BrowInnerUp,blendShapes.BrowOuterUpLeft,blendShapes.BrowOuterUpRight,blendShapes.CheekPuff,blendShapes.CheekSquintLeft,blendShapes.CheekSquintRight,blendShapes.NoseSneerLeft,blendShapes.NoseSneerRight,blendShapes.TongueOut,blendShapes.HeadRoll,blendShapes.HeadPitch,blendShapes.HeadYaw,blendShapes.TongueTipUp,blendShapes.TongueTipDown,blendShapes.TongueTipLeft,blendShapes.TongueTipRight,blendShapes.TongueRollUp,blendShapes.TongueRollDown,blendShapes.TongueRollLeft,blendShapes.TongueRollRight,blendShapes.TongueUp,blendShapes.TongueDown,blendShapes.TongueLeft,blendShapes.TongueRight,blendShapes.TongueIn,blendShapes.TongueStretch,blendShapes.TongueWide,blendShapes.TongueNarrow
0,0.0,0.0,0.0,0.0,0.0,0.0,0.0,0.0005485348519869149,0.0,0.0,0.0,0.0,0.0,0.0,0.000504182418808341,0.008217076770961285,0.0002862944675143808,0.0002340742648812011,0.0,0.003161414060741663,0.006548517383635044,0.006949135102331638,0.0,0.0005586534971371293,0.0,0.0005377328488975763,0.0021292155142873526,0.0017456297064200044,0.0,0.0,0.0003551775589585304,0.000390578992664814,0.0019992163870483637,0.0,0.00800059363245964,0.0,0.008045501075685024,0.007862932048738003,0.00033410100149922073,0.0,0.0,0.0,0.0,0.0,0.0,0.007279247045516968,0.007356368005275726,0.001953714294359088,0.0,0.0,0.0,0.0,0.0,0.0,0.0,0.0,0.0,0.018741300329566002,0.0,0.0,0.0,0.0,0.0,0.0,0.0,0.24041657149791718,0.0,0.00029508350417017937,0.0,0.006105995737016201,0.0,0.057797085493803024
1,0.03333333333333333,0.0,0.0,0.0,0.0,0.0,0.0029663555324077606,0.001999088330194354,3.407960321055725e-05,0.0,0.0,0.0,0.0,0.0021544292103499174,0.001856727059930563,0.01642255298793316,0.0012712610187008977,0.0005570106441155076,0.0,0.0,0.0,0.028925055637955666,0.0,0.0010723141022026539,0.007391979452222586,0.008598549291491508,0.003096841974183917,0.002441437914967537,0.0,0.00014159710553940386,0.0002571470395196229,0.00039030113839544356,0.010864083655178547,0.0020802647341042757,0.04662457853555679,0.0,0.022482475265860558,0.022088496014475822,0.0,0.0,0.0013272430514916778,0.0,0.01980183832347393,0.0195689145475626,0.026185479015111923,0.0,0.0,0.0020046045538038015,0.002054227516055107,0.001366026233881712,0.0003433093661442399,0.0,0.0,0.0,0.0,0.0,0.0,0.037133850157260895,0.0,0.0,0.0,0.0030834325589239597,0.0,0.0,0.0,0.29079800844192505,0.0,0.0,0.0,0.0,0.0,0.12358683347702026
2,0.06666666666666667,0.0,0.0,0.0,0.0,0.0,0.003312164219096303,0.0023529687896370888,0.0,0.0,0.0,0.0,0.0,0.0024688076227903366,0.0022261994890868664,0.013225364498794079,0.0011972652282565832,0.0003311790060251951,0.0,0.0,0.0031342064030468464,0.029080258682370186,0.0,0.001161913387477398,0.0051173376850783825,0.006898208986967802,0.0034316887613385916,0.0027349989395588636,0.0,0.0002609368530102074,0.00023187427723314613,0.0003555839939508587,0.009573113173246384,0.002530698198825121,0.03823840245604515,0.000443594588432461,0.017124159261584282,0.017023762688040733,0.00013040196790825576,0.0,0.001448757597245276,0.0001253394439117983,0.02203233353793621,0.021694466471672058,0.026738986372947693,0.0,0.0,0.001382656628265977,0.0028414474800229073,0.00214388407766819,0.0004627670277841389,0.0,0.0,0.0,0.0,0.0,0.0,0.03412313386797905,0.0,0.0,0.0,0.0,0.0,0.0,0.0,0.27028727531433105,0.0,0.0,0.0,0.0025158703792840242,0.0,0.1023283526301384
3,0.1,0.0,0.0,0.0,0.0,0.0,0.0040227570571005344,0.0021732375025749207,0.0,0.0,0.0,0.0,0.0,0.0029968363232910633,0.002083547879010439,0.006397900637239218,0.0007130563026294112,2.8579277568496764e-05,0.0,0.0,0.009506717324256897,0.01918504387140274,2.019480598391965e-05,0.0008367444388568401,0.002396982628852129,0.0038707328494638205,0.003054866334423423,0.002597924554720521,0.0,0.0002624752523843199,0.0001399768952978775,0.00017655495321378112,0.0052255140617489815,0.002548293909057975,0.019114574417471886,0.0013806098140776157,0.004727864172309637,0.005131278187036514,0.00043501556501723826,0.0,0.004188667982816696,0.003407743526622653,0.02396075427532196,0.023554056882858276,0.029727239161729813,0.0,0.0,4.498722773860209e-05,0.004178784787654877,0.00346109620295465,0.0021342996042221785,0.0017269231611862779,0.0,0.0,0.0,0.0,0.0,0.020092187449336052,0.0,0.0,0.0,0.0,0.0,0.0,0.0,0.24114641547203064,0.0,0.0009049004875123501,0.0,0.01179981417953968,0.0,0.0598793588578701
4,0.13333333333333333,0.0,0.0,0.0,0.0,0.0,0.0038549965247511864,0.0037774876691401005,0.0,0.0,0.0,0.0,0.0,0.0025910455733537674,0.003728895215317607,0.006484379991889,0.0007466622046194971,7.97114335000515e-05,0.0002903903368860483,0.006554659456014633,0.028728138655424118,0.014655904844403267,0.0,0.0010748137719929218,0.0,0.0017450805753469467,0.003817438380792737,0.003112314036116004,0.0,0.0003812636132352054,0.0003295749775134027,0.0004384095373097807,0.0027574715204536915,0.0,0.009640779346227646,0.003957662265747786,0.0013884968357160687,0.0015470032813027501,0.0005615054978989065,0.0,0.006412902381271124,0.005816648248583078,0.027097485959529877,0.026423927396535873,0.03176235780119896,0.0,0.0,0.0,0.0032998532988131046,0.0026034472975879908,0.0025418668519705534,0.0021253786981105804,0.0,0.0,0.0,0.0,0.0,0.022403445094823837,0.0,0.0,0.0,0.0,0.0,0.0,0.0,0.25033533573150635,0.0,0.000901612569577992,0.0,0.012847826816141605,0.0,0.06742360442876816
5,0.16666666666666666,0.0,0.0,0.0,0.0,0.0,0.003231136593967676,0.004553033970296383,0.0,0.0,0.0,0.0,0.0,0.002080522710457444,0.004546756390482187,0.012114318087697029,0.0,0.0016286148456856608,0.029637061059474945,0.0,0.04452052339911461,0.00394844263792038,0.0,0.0013164224801585078,0.0,0.0022681786213070154,0.003760401625186205,0.002844089176505804,0.0,0.0004840946348849684,0.0007643752614967525,0.0009061881573870778,0.001091984799131751,0.0,0.0028576506301760674,0.008730324916541576,0.0,5.0906204705825076e-05,0.0005373670719563961,0.0,0.00950565468519926,0.009450307115912437,0.029931725934147835,0.0289593618363142,0.03315500169992447,0.0,0.0,3.8437789044110104e-05,0.0014013668987900019,0.0009643948869779706,0.0026334577705711126,0.002310158684849739,0.0,0.0,0.0,0.0,0.0,0.01485653780400753,0.0,0.0,0.0,0.0,0.0,0.0,0.0,0.24477072060108185,0.0,0.0012730153976008296,0.0,0.01582442596554756,0.0,0.046158768236637115
6,0.2,0.0,0.0,0.0,0.0,0.0,0.0027955311816185713,0.0039877318777143955,0.0,0.0,0.0,0.0,0.0,0.0019585785921663046,0.003978828899562359,0.014423009008169174,0.0,0.002996231662109494,0.04803850129246712,0.0,0.05431148037314415,0.0013764648465439677,0.0,0.0014967365423217416,0.0,0.0023756881710141897,0.004921719431877136,0.003978285938501358,0.0,0.00038559219683520496,0.0009097623988054693,0.0009944087360054255,0.004015583544969559,0.0,0.0002836689236573875,0.013321599923074245,0.0,0.0,0.000630725349765271,0.0,0.012991109862923622,0.013501969166100025,0.032893188297748566,0.03202667459845543,0.035468798130750656,0.0,0.0,0.0006620827480219305,8.797441842034459e-05,0.0,0.0027247080579400063,0.0025391429662704468,0.0,0.0,0.0,0.0,0.0,0.008401809260249138,0.0,0.0,0.0,0.0,0.0,0.0,0.0,0.2333879917860031,0.0,0.002085780492052436,0.0,0.021767152473330498,0.0,0.02658754587173462
7,0.23333333333333334,0.0,0.0,0.0,0.0,0.0,0.0019071638816967607,0.005970185622572899,0.0,0.0,0.0,0.0,0.0,0.0012270055012777448,0.005959656555205584,0.012411046773195267,0.0,0.0033742194063961506,0.05748022347688675,0.003338102949783206,0.06792502850294113,0.012371592223644257,0.0,0.002410400891676545,0.0,0.00212205876596272,0.007793815340846777,0.006491371896117926,0.0,0.00042924180161207914,0.0005709515535272658,0.0007771278615109622,0.006500620860606432,0.0,0.005608344450592995,0.015133325941860676,0.0012186167296022177,0.0,0.000547882285900414,0.0,0.013967747800052166,0.014623989351093769,0.03411441668868065,0.03326646238565445,0.03735324367880821,0.0,0.0,0.0010200163815170527,0.0,0.0,0.0021331876050680876,0.0019981965888291597,0.0,0.0,0.0,0.0,0.0,0.027001557871699333,0.0,0.0,0.0,0.0,0.0,0.0,0.0,0.25181469321250916,0.0,0.0011601293226704001,0.0,0.015426295809447765,0.0,0.07878240197896957
8,0.26666666666666666,0.0,0.0,0.0,0.0,0.0,0.0027917579282075167,0.006431058514863253,0.0,0.0,0.0,0.0,0.0,0.0018966785864904523,0.006410656031221151,0.007861541584134102,0.0,0.0030337318312376738,0.04067555442452431,0.0017630328657105565,0.06972193717956543,0.02130541205406189,0.0,0.002923601074144244,0.0,0.003116073552519083,0.008601561188697815,0.007161151152104139,0.0,0.000593886710703373,0.00016938586486503482,0.00039292112342081964,0.008408406749367714,0.0,0.01357062254101038,0.01718371920287609,0.0018388379830867052,0.0,0.0006880536675453186,0.0,0.020031113177537918,0.02046288549900055,0.037545230239629745,0.03676420450210571,0.03980923071503639,0.0,0.0,0.0010528062703087926,0.0002774409076664597,0.0,0.00414673937484622,0.003963313065469265,0.0,0.0,0.0,0.0,0.0,0.01829560287296772,0.0,0.0,0.0,0.0,0.0,0.0,0.0,0.2199428677558899,0.0,0.0007432177662849426,0.0,0.008988363668322563,0.0,0.04837353527545929
9,0.3,0.0,0.0,0.0,0.0,0.0,0.00579434260725975,0.0029256055131554604,0.0,0.0,0.0,0.0,0.0,0.003894426627084613,0.0029169900808483362,0.0028360551223158836,0.0,0.0013209952739998698,0.007889547385275364,0.0,0.04049668088555336,0.014257190749049187,0.0001657981629250571,0.0016440505860373378,0.001408901298418641,0.003878487041220069,0.004773563705384731,0.004106562584638596,0.0,0.00045945076271891594,0.0,6.503043550765142e-05,0.008821210823953152,0.0,0.012368611991405487,0.012626453302800655,0.0,0.0,0.0007480356143787503,0.0,0.021189739927649498,0.020764334127306938,0.042756788432598114,0.041834473609924316,0.04367363825440407,0.0,0.0,0.0,0.005759167019277811,0.004893844947218895,0.006684570107609034,0.006325980182737112,0.0,0.0,0.0,0.0,0.0,0.006007503252476454,0.0,0.0,0.0,0.0,0.0,0.0,0.0,0.21706868708133698,0.0,0.0016552868764847517,0.0,0.016033902764320374,0.0,0.017615314573049545
10,0.3333333333333333,0.0,0.0,0.0,0.0,0.0,0.006461820565164089,0.002575324149802327,0.0,0.0,0.0,0.0,0.0,0.004514269530773163,0.0025358593557029963,0.0032199276611208916,0.0,0.0016136795748025179,0.0,0.0,0.03254168480634689,0.008454803377389908,0.0003808221663348377,0.0017605898901820183,0.01024861354380846,0.012399119324982166,0.003351102117449045,0.0027595809660851955,0.0,0.0005049221217632294,0.0,3.369023397681303e-05,0.008760966360569,0.0,0.0157475546002388,0.014006487093865871,0.0,0.0,0.0006659380160272121,0.0,0.02432464435696602,0.023639759048819542,0.046010129153728485,0.0450189970433712,0.04649852216243744,0.0,0.0,0.0,0.006719974800944328,0.005762528162449598,0.007969523780047894,0.007553932722657919,0.0,0.0,0.0,0.0,0.0,0.0,0.0,0.0,0.0,0.0,0.0,0.0,0.0,0.20096607506275177,0.0,0.002070080954581499,0.0013335177209228277,0.018836122006177902,0.021809259429574013,0.019005034118890762
11,0.36666666666666664,0.0,0.0,0.0,0.0,0.0,0.0069060176610946655,0.0026069837622344494,0.0,0.0,0.0,0.0,0.0,0.004781288560479879,0.0025817332789301872,0.005396164953708649,0.0,0.0016739631537348032,0.0,0.0,0.033748891204595566,0.007700569462031126,0.0,0.0012511990498751402,0.01775168813765049,0.019052771851420403,0.001604373217560351,0.0011166621698066592,0.0,0.0004964948748238385,0.0002317925973329693,0.00026413772138766944,0.007536690216511488,0.0,0.016895459964871407,0.01649557612836361,0.0,3.7312751373974606e-05,0.00034948272514156997,0.0,0.02820531837642193,0.02742503024637699,0.04869915172457695,0.04760299250483513,0.049329064786434174,0.0,0.0,0.0,0.00741863576695323,0.006315773818641901,0.009122195653617382,0.008694509044289589,0.0,0.0,0.0,0.0,0.0,0.0,0.0,0.0,0.0,0.0,0.0,0.0,0.0011755017330870032,0.20000000298023224,0.0,0.0014590886421501637,0.0037663427647203207,0.015570217743515968,0.038980428129434586,0.0389430895447731
12,0.4,0.0,0.0,0.0,0.0,0.0,0.007090482860803604,0.0024568240623921156,0.0,0.0,0.0,0.0,0.0,0.004710628185421228,0.0024366064462810755,0.008552243001759052,0.0,0.0021163076162338257,0.0,0.0,0.041510939598083496,0.0,0.0,0.0008590991492383182,0.017374802380800247,0.01789090409874916,0.0003842593578156084,0.0,0.0,0.0004050470015499741,0.0007220892584882677,0.0007578077493235469,0.0017596258549019694,0.0,0.0044424026273190975,0.018072230741381645,0.0,5.424756818683818e-05,0.000456755020422861,0.0002011746255448088,0.029269305989146233,0.02850372903048992,0.0514063686132431,0.0503045991063118,0.05128595232963562,0.0,0.0,0.0,0.007310105487704277,0.006111737806349993,0.009308669716119766,0.008829173631966114,0.0,0.0,0.0,0.0,0.0,0.0,0.0,0.0,0.0,0.0,0.0,0.0,0.0,0.21759970486164093,0.0,0.0007208351162262261,0.0,0.008110277354717255,0.004419568460434675,0.007317673414945602
13,0.43333333333333335,0.0,0.0,0.0,0.0,0.0,0.0065556541085243225,0.0020320566836744547,0.0,0.0,0.0,0.0,0.0,0.00402967119589448,0.002042385982349515,0.011476917192339897,0.0,0.002718286355957389,0.004969156812876463,0.0,0.037663258612155914,0.0,0.0,0.0005120278801769018,0.02110464498400688,0.020976686850190163,0.00018098368309438229,0.0,0.00023118908575270325,0.0005585519247688353,0.001417348044924438,0.0014620523434132338,0.0014727417146787047,0.0,0.0,0.02225247025489807,0.0,0.0,0.0011848162394016981,0.0013330403016880155,0.03331853449344635,0.0326991081237793,0.05406339094042778,0.05289366841316223,0.053301312029361725,0.0,0.0,0.0,0.005762627348303795,0.004575271159410477,0.009205224923789501,0.008746139705181122,0.0,0.0,0.0,0.0,0.0,0.005194284021854401,0.0,0.0,0.0,0.0,0.0,0.0,0.0,0.23278796672821045,8.929970499593765e-05,0.0,0.0,0.00033819707459770143,0.0,0.020098313689231873
14,0.4666666666666667,0.0,0.0,0.0,0.0,0.0,0.006170765962451696,0.0018051605438813567,0.0,0.0,0.0,0.0,0.0,0.003569774329662323,0.0018132037948817015,0.010772095061838627,0.0,0.0017087163869291544,0.0,0.0,0.0326542891561985,0.0,0.0,0.0004997175419703126,0.026372406631708145,0.025817034766077995,0.0001397629821440205,0.0,0.0004976385971531272,0.0007240235572680831,0.0012028360506519675,0.0012779575772583485,0.007957126013934612,0.0,0.00952153466641903,0.024893678724765778,0.0,0.0,0.0,0.00012477862765081227,0.03766718879342079,0.037038177251815796,0.057371851056814194,0.05618204548954964,0.053492221981287,0.0,0.0,0.0003030580119229853,0.004997892305254936,0.003756267949938774,0.010282638482749462,0.009825782850384712,0.0,0.0,0.0,0.0,0.0,0.016232803463935852,0.0,0.0,0.0,0.0,0.0,0.0,0.0,0.2508738040924072,0.0,0.0,0.0,0.0012513116234913468,0.0,0.051920246332883835
15,0.5,0.0,0.0,0.0,0.0,0.0,0.005725180264562368,0.0013145275879651308,0.0,0.0,0.0,0.0,0.0,0.003100440138950944,0.0012951238313689828,0.010583970695734024,0.0,0.0013090120628476143,0.0,0.0,0.02234039455652237,0.0,0.0,0.00033124058973044157,0.025538140907883644,0.02456740103662014,0.00014561155694536865,0.0,0.0,6.191254942677915e-05,0.0010239670518785715,0.0010683322325348854,0.01007734052836895,0.0,0.011737106367945671,0.02412518672645092,0.0,0.0,0.0,0.0,0.03715761378407478,0.03646973893046379,0.05925021693110466,0.058086734265089035,0.05444507673382759,0.0,0.0,0.0,0.004094547126442194,0.0028398314025253057,0.010038791224360466,0.009516705758869648,0.0,0.0,0.0,0.0,0.0,0.004263490904122591,0.0,0.0,0.0,0.0,0.0,0.0,0.0,0.22205850481987,0.0,0.0,0.0,0.0018487388733774424,0.0,0.014635281637310982
16,0.5333333333333333,0.00041410402627661824,0.0,0.0,0.0,0.0,0.005290016531944275,0.000503601273521781,0.0004077611956745386,0.0,0.0,0.0,0.0,0.0029422275256365538,0.0004642802232410759,0.010006827302277088,0.0,0.0014992979122325778,0.0,0.0,0.01111177634447813,0.0,0.0,0.00041189044713974,0.023031873628497124,0.022455208003520966,0.00024408267927356064,0.0,0.0,0.0,0.0009281985694542527,0.0009469701326452196,0.013537587597966194,0.0,0.019670216366648674,0.022958951070904732,0.0,0.0,0.0,0.0,0.034648120403289795,0.0341099314391613,0.06095920875668526,0.0599752739071846,0.05390192195773125,0.0,0.0,0.0,0.003115367377176881,0.0019941567443311214,0.009251569397747517,0.008764209225773811,0.0,0.0,0.0,0.0,0.0,0.004772649612277746,0.0,0.0,0.0,0.0,0.0,0.0,0.0,0.21749693155288696,0.0,0.00020000102813355625,0.0,0.003904300043359399,0.0,0.014618202112615108
17,0.5666666666666667,0.00037324847653508186,0.0,0.0,0.0,0.0,0.0053367456421256065,0.0005997448461130261,0.00044894986785948277,0.0,0.0,0.0,0.0,0.002970490138977766,0.0005208499496802688,0.010528070852160454,0.0,0.001162238302640617,0.0,0.0,0.01107148826122284,0.0,0.0,0.000128711893921718,0.018588876351714134,0.017183927819132805,0.0007200386025942862,0.0005772066069766879,0.0,0.0,0.0006734633934684098,0.000654794042930007,0.010817937552928925,0.0,0.017454488202929497,0.01809868775308132,0.0,0.0,0.0,0.0,0.02867204323410988,0.028035322204232216,0.061314601451158524,0.06055740267038345,0.054796252399683,0.0,0.0,0.0,0.0036452526692301035,0.0024745676200836897,0.008162318728864193,0.007653604727238417,0.0,0.0,0.0,0.0,0.0,0.0016827147919684649,0.0,0.0,0.0,0.0,0.0,0.0,0.0,0.21149808168411255,0.0,0.0008224595803767443,0.0,0.008692409843206406,0.0,0.0049728103913366795
18,0.6,0.0008943520952016115,0.0,0.0,0.0,0.0,0.0053296685218811035,0.00044657342368736863,0.0009645074023865163,0.0,0.0,0.0,0.0,0.0029365606606006622,0.00036965348408557475,0.008045115508139133,0.0,0.000561357184778899,0.0,0.0,0.015215465798974037,0.0,9.79454125626944e-05,0.0,0.008817814290523529,0.007420069072395563,0.00206377892754972,0.0019972051959484816,0.0,0.0,0.00045265560038387775,0.000393817899748683,0.005070172715932131,0.0,0.004444260615855455,0.01188275683671236,0.0,0.0,0.0002692026610020548,0.0,0.02051282487809658,0.019820982590317726,0.06146817281842232,0.06095072254538536,0.05689496919512749,0.0,0.0,0.0,0.004330903757363558,0.0031469615641981363,0.0065910727716982365,0.0060473536141216755,0.0,0.0,0.0,0.0,0.0,0.0012309426674619317,0.0,0.0,0.0,0.0,0.0,0.0,0.0,0.2139941304922104,0.0,0.00085780571680516,0.0,0.008986546657979488,0.0,0.0051851458847522736
19,0.6333333333333333,0.0004411841509863734,0.0,0.0,0.0,0.0,0.004595973063260317,0.0005035348003730178,0.0003041648305952549,0.0,0.0,0.0,0.0,0.002271834295243025,0.0005195541307330132,0.007752178702503443,0.00013608635345008224,7.809977978467941e-05,0.017167873680591583,0.0,0.02367081679403782,0.0,0.0005619972362183034,0.0,0.003219394478946924,0.00040048849768936634,0.0025777227710932493,0.0028019153978675604,0.0,0.0,0.00013957664486952126,5.7574030506657436e-05,0.001600562478415668,0.0,0.004284169524908066,0.011643710546195507,0.0,0.0,0.0003194779565092176,0.00023643128224648535,0.019473368301987648,0.018916882574558258,0.06303556263446808,0.062026217579841614,0.05826644226908684,0.0,0.0,0.0,0.0030075707472860813,0.0018687440315261483,0.005244656465947628,0.00471076974645257,0.0,0.0,0.0,0.0,0.0,0.01615198701620102,0.0,0.0,0.0,0.0,0.0,0.0,0.0,0.257859468460083,0.0,0.0007663291180506349,0.0,0.011625836603343487,0.0,0.05606948584318161
20,0.6666666666666666,0.004921996966004372,0.0,0.0,0.0,0.0,0.0030782674439251423,0.0,0.004522853065282106,0.0,0.0,0.0,0.0,0.0009532620315439999,0.0,0.004803432151675224,0.0012354382779449224,0.0,0.04773005098104477,0.0,0.014159421436488628,0.0,0.000586627225857228,0.0,0.005367241334170103,0.0012164998333901167,0.0013655195944011211,0.001843380625359714,0.0,0.0,0.0006880449363961816,0.0006828176556155086,0.0,0.0,0.002116851042956114,0.01837054267525673,0.0,0.0,0.0006202067597769201,0.00108950340654701,0.025790700688958168,0.025425968691706657,0.06636908650398254,0.06456992775201797,0.058150168508291245,0.0,0.0,0.0,0.0009650024003349245,0.0,0.0039522587321698666,0.0034791938960552216,0.0,0.0,0.0,0.0,0.0,0.12539073824882507,0.0,0.0,0.0,0.0,0.0,0.0,0.0,0.532932698726654,0.0,3.6845216527581215e-05,0.0,0.02898368239402771,0.0,0.4082050323486328
21,0.7,0.006211604457348585,0.0,0.0,0.0,0.0,0.0019189503509551287,0.0,0.005720605608075857,0.0,0.0,0.0,0.0,8.497092494508252e-05,0.0,0.0019166907295584679,0.0012070630909875035,0.0,0.05295548588037491,0.0,0.0,0.0,0.00039963467861525714,0.0,0.013705980964004993,0.0081851277500391,0.0,0.0006041375454515219,0.00021563797781709582,0.0,0.0013020916376262903,0.0013413856504485011,0.0,0.0,0.0,0.022151105105876923,0.0,0.0,0.0006435250979848206,0.0017441377276554704,0.028833428397774696,0.028650030493736267,0.0677112489938736,0.06560559570789337,0.05716240033507347,0.0,0.0,0.0,0.0006697367643937469,0.0,0.0031209671869874,0.002774154767394066,0.0,0.0,0.0,0.0,0.0,0.20712514221668243,0.0,0.0,0.0,0.0,0.0,0.0,0.0,0.7375114560127258,0.0,0.0,0.0,0.027885548770427704,0.0,0.6653770804405212
22,0.7333333333333333,0.0050331102684140205,0.0,0.0,0.0,0.0,9.07072244444862e-05,0.0,0.0046150279231369495,0.0,0.0,0.0,0.0,0.0,0.0,0.006888670846819878,0.0016437832964584231,0.0,0.0806213989853859,0.0,0.0,0.0,7.08207517163828e-05,0.0,0.014248842373490334,0.008887609466910362,0.0,0.0004733862297143787,0.0003418642736505717,0.0,0.0022631341125816107,0.0022791274823248386,0.0,0.0,0.0,0.027244186028838158,0.0,0.0,0.00241298321634531,0.00385637697763741,0.03266244754195213,0.03303031623363495,0.06558234989643097,0.06325148046016693,0.05804242566227913,0.0,0.0,0.0,0.00013454246800392866,0.0,0.0013281486462801695,0.0010688866022974253,0.0,0.0,0.0,0.0,0.0,0.2312917709350586,0.0,0.0,0.0,0.0,0.0,0.0,0.0,0.7986757159233093,0.0,0.0,0.0,0.0051934970542788506,0.0,0.733772873878479
23,0.7666666666666667,0.0001326683850493282,0.0,0.0,0.0,0.0,0.0,0.0005926010780967772,0.0,0.0,0.0,0.0,0.0,0.0,0.0007653893553651869,0.007125120144337416,0.001199244288727641,1.2065737791999709e-05,0.1339440792798996,0.0,0.0,0.0,0.0,0.0,0.02438918873667717,0.019245289266109467,0.0,1.7053220290108584e-05,0.0007701839203946292,0.0,0.004252285696566105,0.0042455666698515415,0.0,0.0,0.0,0.030979955568909645,0.0,0.0,0.00566472765058279,0.0074600051157176495,0.03305700048804283,0.03383404016494751,0.06102704629302025,0.05819511041045189,0.06134520843625069,0.0,0.0,0.0,0.0,0.0,0.0,0.0,0.0,0.0,0.0,0.0,0.0,0.0746077299118042,0.0022168378345668316,0.0,0.0,0.14562083780765533,0.0,0.0,0.0,0.9364007711410522,0.003045099787414074,0.0,0.020631492137908936,0.0,0.0,0.7852756381034851
24,0.8,0.0,0.0,0.0,0.0,0.0,0.0,0.00422445684671402,0.0,0.0,0.0,0.0,0.0,0.0,0.00433098990470171,0.013636316172778606,0.00022478881874121726,0.0017958941170945764,0.14097097516059875,0.0,0.0,0.0,0.0,0.0,0.031577225774526596,0.027948040515184402,0.0,0.0,0.003414468839764595,0.002751220716163516,0.004518331494182348,0.004637331236153841,0.0,0.0,0.0,0.038918402045965195,0.0,0.0,0.008324473164975643,0.010390511713922024,0.04338976368308067,0.044470105320215225,0.06035510078072548,0.05744899436831474,0.06157127767801285,0.0,0.0,0.0,0.0,0.0,1.893540502351243e-05,0.0,0.0,0.0,0.0,0.0,0.0,0.0,0.009289175271987915,0.0,0.0,0.19785194098949432,0.0,0.0,0.0,0.9098971486091614,0.00584053248167038,0.0,0.08800136297941208,0.0,0.0,0.7406319379806519
25,0.8333333333333334,0.0,0.0,0.0,0.0,0.0,0.0,0.008233210071921349,0.0,0.0,0.0,0.0,0.0,0.0,0.008238119073212147,0.017475562170147896,0.0,0.0062735374085605145,0.16969703137874603,0.0,0.00491125974804163,0.0,0.0,0.00048122397856786847,0.034895531833171844,0.03407531604170799,0.0,0.0,0.00474687060341239,0.00464057270437479,0.005463643930852413,0.005733063910156488,0.0,0.0,0.0,0.04433012753725052,0.0,0.0,0.010913106612861156,0.01288533490151167,0.04750310257077217,0.04853643476963043,0.05864759162068367,0.0555020309984684,0.06367442011833191,0.0,0.0,0.0,0.0,0.0,0.0,0.0,0.0,0.0,0.0,0.0,0.0,0.0,0.012321263551712036,0.0,0.0,0.2184678316116333,0.0,0.0,0.0,0.9517563581466675,0.006465010344982147,0.0,0.11176017671823502,0.0,0.0,0.8073736429214478
26,0.8666666666666667,0.0,0.0,0.0,0.0,0.0,0.0,0.010544508695602417,0.0,0.0,0.0,0.0,0.0,0.0,0.010455415584146976,0.013753209263086319,0.0,0.010013493709266186,0.19045870006084442,0.0,0.0,0.0,0.0,0.001384100178256631,0.041942618787288666,0.04329942166805267,4.211376563034719e-06,0.0,0.006365087814629078,0.006667803972959518,0.007900439202785492,0.008292056620121002,0.0,0.0,0.0,0.048242878168821335,0.0,0.0,0.011027050204575062,0.013077025301754475,0.04511602967977524,0.045856915414333344,0.05766241252422333,0.05448751896619797,0.06310377269983292,0.0,0.0,0.0,0.0,0.0,0.0,0.0,0.0,0.0,0.0,0.0,0.0,0.0,0.014240950345993042,0.0,0.0,0.22424019873142242,0.0,0.0,0.0,0.935746967792511,0.00630689412355423,0.0,0.1205778568983078,0.0,0.0,0.8174047470092773
27,0.9,0.0,0.0,0.0,0.0,0.0,0.0,0.011632310226559639,0.0,0.0,0.0,0.0,0.0,0.0,0.01142058614641428,0.00849475059658289,0.0,0.011346532963216305,0.14276491105556488,0.0,0.00323371565900743,0.0,0.0,0.0034527548123151064,0.029221076518297195,0.034746360033750534,0.0011661229655146599,0.0,0.003989914897829294,0.005386535078287125,0.006209980230778456,0.006798169109970331,0.0,0.0,0.0,0.038631413131952286,0.0005826412816531956,0.0016741383587941527,0.009692292660474777,0.011115764267742634,0.03221142664551735,0.03246644139289856,0.05891579017043114,0.05621042475104332,0.06101343408226967,0.0,0.0,0.0,0.0,0.0,0.0,0.0,0.0,0.0,0.0,0.0,0.0,0.0,0.015045166015625,0.0,0.0,0.21590988337993622,0.0,0.0,0.0,0.8874871134757996,0.005974218249320984,0.0,0.12416000664234161,0.0,0.0,0.780807375907898
28,0.9333333333333333,0.0,0.0,0.0,0.0,0.0,0.0,0.012091610580682755,0.0,0.0,0.0,0.0,0.0,0.0,0.011789008043706417,0.0,0.0,0.009911091066896915,0.07364757359027863,0.0,0.015934526920318604,0.0,0.0,0.005257789511233568,0.026325536891818047,0.03465750813484192,0.0015950532397255301,0.0,0.0022258255630731583,0.004352501593530178,0.0037584868259727955,0.00440244609490037,0.013364520855247974,0.0,0.0,0.033801764249801636,0.00888672936707735,0.009336183778941631,0.0006194362649694085,0.0012189546832814813,0.03085145354270935,0.03069818578660488,0.06073345988988876,0.05846007913351059,0.05793066695332527,0.0,0.0,0.0,0.0,0.0,0.0002631336683407426,0.0,0.0,0.0,0.0,0.0,0.0,0.0,0.010287314653396606,0.0,0.0,0.2327715903520584,0.0,0.0,0.0,0.9761755466461182,0.004974924027919769,0.0,0.06878823786973953,0.0,0.0,0.8522343039512634
29,0.9666666666666667,0.0,0.0,0.0,0.0,0.0,0.0,0.014144948683679104,0.0,0.0,0.0,0.0,0.0,0.0,0.013760986737906933,0.0,0.0,0.006803601514548063,0.01821897178888321,0.0,0.05448302999138832,0.00629406375810504,0.0,0.007039804942905903,0.016202379018068314,0.02638137899339199,0.0022055429872125387,0.0,0.0,0.0026339928153902292,0.0004343802575021982,0.0011320566991344094,0.03244952857494354,0.0,0.007850248366594315,0.026157623156905174,0.016672736033797264,0.015423200093209743,0.0,0.0,0.027798235416412354,0.027216359972953796,0.06016957014799118,0.05845610052347183,0.05620826408267021,0.0,0.0,7.514314347645268e-05,0.00010751296940725297,0.0,0.0025861056055873632,0.0020572373177856207,0.0,0.0,0.0,0.0,0.0,0.07052444666624069,0.0022667348384857178,0.0,0.0,0.21236321330070496,0.0,0.0,0.0,1.110087513923645,0.003053952008485794,0.0,0.0,0.0,0.0,1.0
30,1.0,0.0,0.0,0.0,0.0,0.0,0.0,0.01150570623576641,0.0,0.0,0.0,0.0,0.0,0.0,0.011173986829817295,0.0,0.0,0.006291938479989767,0.014822592958807945,0.0,0.014799612574279308,0.0049754418432712555,0.0001203204519697465,0.007682937663048506,0.027317199856042862,0.03657753765583038,0.0013727652840316296,0.0,0.0,0.0024750069715082645,0.0,0.0005592741072177887,0.05502842739224434,0.0,0.010997713543474674,0.028253138065338135,0.020505622029304504,0.019351838156580925,0.0,0.0,0.03104594722390175,0.030890081077814102,0.06081013381481171,0.059224750846624374,0.054425839334726334,0.0,0.0,0.0,0.0,0.0,0.0037428054492920637,0.0034117759205400944,0.0,0.0,0.0,0.0,0.0,0.2938804030418396,0.0,0.0,0.0,0.10778621584177017,0.0,0.0,0.0,1.1931630373001099,0.0,0.0,0.0,0.0,0.0,1.0
31,1.0333333333333334,0.0,0.0,0.0,0.0,0.0,0.0,0.008012796752154827,0.0,0.0,0.0,0.0,0.0,0.0,0.007791867479681969,0.0,0.0,0.007448719348758459,0.03756147250533104,0.0,0.0,0.0,0.0,0.00540970079600811,0.06785454601049423,0.06936241686344147,0.0,0.0,0.01022885087877512,0.010735085234045982,0.002957190852612257,0.0034793659579008818,0.04136333242058754,0.0,0.0,0.040411945432424545,0.003170648356899619,0.0031781052239239216,0.0,0.0015829525655135512,0.041060905903577805,0.04213637858629227,0.06417644023895264,0.06244904547929764,0.05202816054224968,0.0,0.0,0.0,0.0,0.0,0.0018915862310677767,0.0019221737748011947,0.0,0.0,0.0,0.0,0.0,0.3578150272369385,0.0,0.0,0.0,0.06011264771223068,0.0,0.0,0.0,1.1902726888656616,0.0,0.0,0.0,0.0,0.0,1.0
32,1.0666666666666667,0.0,0.0,0.0,0.0,0.0,0.0,0.008128078654408455,0.0,0.0,0.0,0.0,0.0,0.0,0.007960332557559013,0.0,0.0,0.007770410273224115,0.0639684647321701,0.0,0.0,0.0,0.0,0.004031909629702568,0.09220345318317413,0.08782386034727097,0.0,0.0,0.016547393053770065,0.01566162332892418,0.005077857058495283,0.0054886918514966965,0.03832283243536949,0.0,0.0,0.04440795257687569,0.0,6.907240458531305e-05,0.0,0.003104207804426551,0.042178958654403687,0.044253040105104446,0.06501754373311996,0.06320050358772278,0.05108347907662392,0.0,0.0,0.0,0.0,0.0,0.0002090210182359442,0.0005830351146869361,0.0,0.0,0.0,0.0,0.0,0.37957435846328735,0.0,0.0,0.0,0.01450839638710022,0.0,0.0,0.0,1.097753882408142,0.0,0.0,0.0,0.0,0.0,1.0
33,1.1,0.0,0.0,0.0,0.0,0.0,0.0,0.0046952106058597565,0.0,0.0,0.0,0.0,0.0,0.0,0.00463035237044096,0.0,0.0,0.010538007132709026,0.14227858185768127,0.0,0.0,0.0,0.0,0.00027558868168853223,0.16880564391613007,0.15399768948554993,0.0,0.0,0.03081786446273327,0.027013523504137993,0.014657171443104744,0.014863669872283936,0.09458283334970474,0.0,0.0,0.04535013064742088,0.0,0.001972663914784789,0.0,0.003019193885847926,0.0192167479544878,0.021956725046038628,0.06779082864522934,0.06567428261041641,0.049546632915735245,0.0,0.0,0.0,0.0,0.0,0.0,0.0,0.0,0.0,0.0,0.0,0.0,0.3180047571659088,0.0,0.0,0.0,0.003088616766035557,0.0,0.0,0.0,0.9601766467094421,0.0,0.0,0.0,0.0,0.0,0.9970996975898743
34,1.1333333333333333,0.0,0.0,0.0,0.0,0.0,0.0,0.004652713425457478,0.0,0.0,0.0,0.0,0.0,0.0,0.004668816924095154,0.0,0.0,0.00460785673931241,0.21389536559581757,0.0,0.0,0.0,0.0,0.0,0.19894246757030487,0.17374257743358612,0.0,0.0,0.03579402714967728,0.029459811747074127,0.022243766114115715,0.022098859772086143,0.10860030353069305,0.00464979000389576,0.0,0.05266520008444786,0.0,0.0013612319016829133,0.0,0.004464100580662489,0.012033726088702679,0.0147164985537529,0.06769229471683502,0.06522706151008606,0.04773283004760742,0.0,0.0,0.0,0.0,0.0,0.0,0.0,0.0,0.0,0.0,0.0,0.0,0.22879472374916077,0.0,0.0,0.0,0.0053241560235619545,0.0,0.0,0.0,0.7561586499214172,0.0,0.0,0.0,0.0,0.0,0.723919153213501
35,1.1666666666666667,0.0,0.0,0.0,0.0,0.0,0.0,0.005867618136107922,0.0,0.0,0.0,0.0,0.0,0.0,0.005917174741625786,0.0,0.0,0.0027608147356659174,0.25819048285484314,0.0,0.0,0.0,0.0,0.0,0.20115993916988373,0.1734185665845871,0.0,0.0,0.03555294871330261,0.028566012158989906,0.025750581175088882,0.025524387136101723,0.11475779861211777,0.0069305854849517345,0.0,0.05517597123980522,0.0,0.001015883288346231,0.0,0.004832306411117315,0.005628503393381834,0.008294985629618168,0.06495875120162964,0.06236155331134796,0.04549996927380562,0.0,0.0,0.0,0.0,0.0,0.0,0.0,0.0,0.0,0.0,0.0,0.0,0.11283855140209198,0.0,0.0,0.0,0.027774613350629807,0.0,0.0,0.0,0.5608536005020142,0.00010689557529985905,0.0,0.0,0.0,0.0,0.4418172240257263
36,1.2,0.0,0.0,0.0,0.0,0.0,0.0,0.007938788272440434,0.0,0.0,0.0,0.0,0.0,0.0,0.007937616668641567,0.0,0.0,0.0035526843275874853,0.2840944826602936,0.0,0.0,0.0,0.0,0.0,0.19497619569301605,0.16782894730567932,0.0,0.0,0.032733429223299026,0.02577138878405094,0.026907939463853836,0.026698967441916466,0.13985122740268707,0.011849544942378998,0.0,0.0556432381272316,0.0,0.0004569347947835922,0.0,0.0034710566978901625,0.0,0.0024062180891633034,0.061969805508852005,0.05931701138615608,0.04308820515871048,0.0,0.0,0.0,0.0,0.0,0.0,0.0,0.0,0.0,0.0,0.0,0.0,0.004939034581184387,0.00046591670252382755,0.0,0.0,0.06433390080928802,0.0,0.0,0.0,0.41941821575164795,0.0014887773431837559,0.0,0.001420971006155014,0.0,0.0,0.2402990609407425
37,1.2333333333333334,0.0,0.0,0.0,0.0,0.0,0.0,0.008928489871323109,0.0,0.0,0.0,0.0,0.0,0.0,0.00885701086372137,0.0,0.0,0.006138273514807224,0.2667972147464752,0.0,0.0,0.0,0.0,0.0,0.17937476933002472,0.1559561789035797,0.0,0.0,0.028274239972233772,0.022144107148051262,0.02427835203707218,0.024134304374456406,0.15937674045562744,0.013828308321535587,0.0,0.05360402539372444,0.0,0.0,0.0,0.0015777070075273514,0.0,0.002360021462664008,0.05905408039689064,0.05655913054943085,0.03871786221861839,0.0,0.0,0.0,0.0,0.0,0.0,0.0,0.0,0.0,0.0,0.0,0.0,0.0,0.0023361071944236755,0.0,0.0,0.04566390812397003,0.0,0.0,0.0,0.3050432801246643,0.0009066984057426453,0.0,0.011979126371443272,0.0,0.0,0.14577212929725647
38,1.2666666666666666,0.0,0.0,0.0,0.0,0.0,0.0,0.009030748158693314,0.0,0.0,0.0,0.0,0.0,0.0,0.008862434886395931,0.0,0.0,0.01576925441622734,0.2238413691520691,0.0,0.0,0.0,0.0,0.0,0.15668322145938873,0.14626401662826538,0.0,0.0,0.025448698550462723,0.02175460197031498,0.02234918251633644,0.02246692404150963,0.18145114183425903,0.015752078965306282,0.0,0.04516105353832245,0.00023863832757342607,0.002596337581053376,0.0,0.0,0.0,0.00138863327447325,0.05475316569209099,0.052535057067871094,0.03627748787403107,0.0,0.0,0.0,0.0,0.0,0.0,0.0,0.0,0.0,0.0,0.0,0.0,0.0,0.0033104121685028076,0.0,0.0,0.04668793827295303,0.0,0.0,0.0,0.28834861516952515,0.00044306088238954544,0.0,0.011786788702011108,0.0,0.0,0.14531932771205902
39,1.3,0.0,0.0,0.0,0.0,0.0,0.0,0.007460417225956917,0.0,0.0,0.0,0.0,0.0,0.0,0.007236024830490351,0.0,0.0,0.019992833957076073,0.12825581431388855,0.0,0.0,0.0,0.0,0.001765432651154697,0.13479016721248627,0.13504716753959656,0.0,0.0,0.01972486451268196,0.018207652494311333,0.019569944590330124,0.019759735092520714,0.19867576658725739,0.012108203023672104,0.0,0.04008088633418083,0.019800759851932526,0.021788768470287323,0.0,0.0,0.0,0.0005670276586897671,0.05057850107550621,0.048653796315193176,0.03310957923531532,0.0,0.0,0.0,0.0,0.0,0.0,0.0,0.0,0.0,0.0,0.0,0.0,0.005097726825624704,0.001792380353435874,0.0,0.0,0.03774268180131912,0.0,0.0,0.0,0.2711546719074249,0.0,0.0,0.0,0.0,0.0,0.13130974769592285
40,1.3333333333333333,0.0,0.0,0.0,0.0,0.0,0.0,0.006175754591822624,0.0,0.0,0.0,0.0,0.0,0.0,0.005873564165085554,0.0,0.0,0.016706066206097603,0.045430827885866165,0.0,0.0,0.0,0.0,0.0032685038167983294,0.12588463723659515,0.13161763548851013,0.0,0.0,0.01583973877131939,0.01573248766362667,0.016114523634314537,0.01634836010634899,0.2547565698623657,0.0026127020828425884,0.0,0.038285840302705765,0.03726055100560188,0.04038429260253906,0.0,0.0,0.0,0.0,0.04755118861794472,0.046254318207502365,0.03095012530684471,0.0,0.0,0.0,0.0,0.0,0.0,0.0,0.0,0.0,0.0,0.0,0.0,0.03152203559875488,0.0,0.0,0.0,0.015278366394340992,0.0,0.0,0.0,0.23882704973220825,0.0,0.0,0.0,0.0,0.0,0.12588612735271454
41,1.3666666666666667,0.0,0.0,0.0,0.0,0.0,0.0,0.005230156239122152,0.0,0.0,0.0,0.0,0.0,0.0,0.0048295785672962666,0.0,0.0,0.013506992720067501,0.0,0.0,0.0,0.0,0.0,0.004156585782766342,0.11096733808517456,0.12040447443723679,0.0,0.0,0.014345786534249783,0.015336689539253712,0.011542865075170994,0.011901987716555595,0.24747076630592346,0.0,0.026503929868340492,0.04681619256734848,0.041816454380750656,0.04597685858607292,0.0,0.0,0.007825265638530254,0.006190333049744368,0.0464925616979599,0.045853644609451294,0.030050843954086304,0.0,0.0,0.0,0.0,0.0,0.0,0.0,0.0,0.0,0.0,0.0,0.0,0.05016639083623886,0.0,0.0,0.0,0.0,0.0,0.0,0.0,0.22114187479019165,0.0,0.00026124267606064677,0.0,0.005431216210126877,0.0,0.1277579516172409
42,1.4,0.0,0.0,0.0,0.0,0.0,0.0,0.0024462533183395863,0.0,0.0,0.0,0.0,0.0,0.0,0.0020965023431926966,0.0,0.0,0.011509072966873646,0.0,0.0,0.0,0.0,0.0,0.0038184754084795713,0.08440839499235153,0.09405865520238876,0.0,0.0,0.013316474854946136,0.014536498114466667,0.007997431792318821,0.00838893186300993,0.16987180709838867,0.0,0.1047837883234024,0.04604650288820267,0.02906934916973114,0.032810408622026443,0.0,0.0,0.023723723366856575,0.02190818265080452,0.04552769660949707,0.045212771743535995,0.027531996369361877,0.0,0.0,0.0,0.0,0.0,4.455397356650792e-05,0.0,0.0,0.0,0.0,0.0,0.0,0.0505329854786396,0.0,0.0,0.0,0.0,0.0,0.0,0.0,0.24214118719100952,0.0,0.0012747581349685788,0.0,0.015538635663688183,0.0,0.13504528999328613
43,1.4333333333333333,0.0,0.0,0.0,0.0,0.0,0.0,0.002694028429687023,0.0,0.0,0.0,0.0,0.0,0.0,0.002350342459976673,0.0,0.0,0.009716457687318325,0.0,0.0,0.0,0.0,0.0,0.0035361703485250473,0.07549171149730682,0.08441650122404099,0.0002073210198432207,0.0,0.011292871087789536,0.012533235363662243,0.006646964233368635,0.007078604307025671,0.12344653159379959,0.0,0.14130839705467224,0.043889932334423065,0.02415662445127964,0.027566183358430862,0.0,0.0,0.029035279527306557,0.027214432135224342,0.04398200660943985,0.04380772262811661,0.025102466344833374,0.0,0.0,0.004369937349110842,0.0,0.0,0.00015263515524566174,0.0,0.0,0.0,0.0,0.0,0.0,0.045319948345422745,0.0,0.0,0.0,0.0,0.0,0.0,0.0,0.26352137327194214,0.0,0.0006901456508785486,0.0,0.012155896984040737,0.0,0.1288549154996872
44,1.4666666666666666,0.0,0.0,0.0,0.0,0.0,0.0,0.002686719875782728,0.0,0.0,0.0,0.0,0.0,0.0,0.0024076190311461687,0.007470196578651667,0.0,0.008103322237730026,0.0,0.0,0.0,0.0,0.0,0.003164923284202814,0.06356482952833176,0.0710136741399765,0.0005883789272047579,0.0,0.00878089014440775,0.009817755781114101,0.00607705395668745,0.006548082921653986,0.08303239941596985,0.0,0.12772586941719055,0.03713063523173332,0.019164880737662315,0.021332623437047005,0.0,0.0,0.02411363460123539,0.022912776097655296,0.04206258803606033,0.041766803711652756,0.02392144687473774,0.0,0.0,0.006450353655964136,0.0,0.0,1.2853517546318471e-05,0.0,0.0,0.0,0.0,0.0,0.0,0.029949363321065903,0.0,0.0,0.0,0.0,0.0,0.0,0.0,0.24718350172042847,0.0,0.00027175317518413067,0.0,0.007107139565050602,0.0,0.08615925908088684
45,1.5,0.0,0.0,0.0,0.0,0.0,0.0,8.704029824002646e-06,6.36634067632258e-05,0.0,0.0,0.0,0.0,0.0,0.0,0.013444037176668644,0.00013998092617839575,0.004169848281890154,0.0,0.0,0.0,0.0,0.0,0.0019725810270756483,0.0382758229970932,0.042582493275403976,0.0006098555750213563,0.0,0.003769476432353258,0.0042807902209460735,0.0037254130002111197,0.004064446315169334,0.051470138132572174,0.0,0.08909008651971817,0.025381168350577354,0.00953978206962347,0.010206709615886211,0.0,0.0,0.018488362431526184,0.017901582643389702,0.04158506914973259,0.041133373975753784,0.025335682556033134,0.0,0.0,0.004567781463265419,0.0,0.0,8.988126501208171e-05,0.0,0.0,0.0,0.0,0.0,0.0,0.00020700512686744332,0.0,0.0,0.0,0.002291153883561492,0.0,0.0,0.0,0.20000000298023224,0.0,0.0016601841198280454,0.0,0.01557487528771162,0.0,0.006954015698283911
46,1.5333333333333334,0.0008001943351700902,0.0,0.0,0.0,0.0,0.0,0.0,0.0008679495076648891,0.0,0.0,0.0,0.0,0.0,0.0,0.012027138844132423,0.00036458575050346553,0.0020024690311402082,0.0,0.0,0.0,0.0,0.0,0.001522253267467022,0.015435079112648964,0.01850920543074608,0.0007981746457517147,0.0,0.0,0.00037650775630027056,0.0015355759533122182,0.001774526434019208,0.031114866957068443,0.0,0.05457248538732529,0.01702955923974514,0.005522180814296007,0.0054383971728384495,0.0,0.0,0.01521715521812439,0.01467403769493103,0.03804584592580795,0.037632327526807785,0.026339102536439896,0.0,0.0,0.004570006858557463,0.0,0.0,0.0002888412564061582,0.0,0.0,0.0,0.0,0.0,0.0,0.0,0.0,0.0,0.0,0.004388179164379835,0.0,0.0,0.0029223607853055,0.20000000298023224,0.0,0.0020621377043426037,0.0,0.01968035101890564,0.08464659750461578,0.1026027649641037
47,1.5666666666666667,0.002239345107227564,0.0,0.0,0.0,0.0,0.0,0.0,0.002177091082558036,0.0,0.0,0.0,0.0,0.0,0.0,0.005100568290799856,0.0,0.0008522040443494916,0.0016555036418139935,0.0,0.0219570305198431,0.0,0.0,0.0008041229448281229,0.0,0.0009702510433271527,0.004340991843491793,0.0036831237375736237,0.0,0.0,0.0006970020476728678,0.0007933596498332918,0.012261944822967052,0.0,0.006973050069063902,0.008508655242621899,0.0003109420358669013,0.0,0.0003281629178673029,0.0,0.0037836774718016386,0.003612760454416275,0.033520836383104324,0.033114299178123474,0.0271813552826643,0.0,0.0,0.002527535194531083,0.0,0.0,0.00012068519572494552,0.0,0.0,0.0,0.0,0.0,0.0,0.0,0.0,0.0,0.0,0.0,0.0,0.0,0.0,0.20445996522903442,0.0,0.0015514938859269023,0.0,0.01377425529062748,0.001419257721863687,0.0
48,1.6,0.0017740674084052444,0.0,0.0,0.0,0.0,0.0,0.0,0.001734163030050695,0.0,0.0,0.0,0.0,0.0,0.0,0.009151284582912922,0.0,0.0008473937632516026,0.016518911346793175,0.001137345563620329,0.021092744544148445,0.0015119677409529686,0.0,0.00022326491307467222,0.0,0.0,0.005045650061219931,0.004786568693816662,0.0,0.0,0.00039665112853981555,0.00038898407365195453,0.007958786562085152,0.0,0.00407413998618722,0.0066826543770730495,5.703961869585328e-05,0.0,0.0003133478749077767,0.0,0.0012634192826226354,0.001255552633665502,0.029978761449456215,0.02965671755373478,0.02669779770076275,0.0,0.0,0.0021228878758847713,0.0,0.0,6.362688145600259e-05,0.0,0.0,0.0,0.0,0.0,0.0,0.005159744061529636,0.0,0.0,0.0,0.0,0.0,0.0,0.0,0.2204011231660843,0.0,0.0009986961958929896,0.0,0.0105038583278656,0.0,0.01749407686293125
49,1.6333333333333333,5.669658276019618e-05,0.0,0.0,0.0,0.0,0.0,0.0,0.0,0.0,0.0,0.0,0.0,0.0,0.0,0.011912585236132145,0.0,0.0010441774502396584,0.020307566970586777,0.0049449079670012,0.02912948466837406,0.00597575306892395,0.0,0.000677858421113342,0.0,0.00020543816208373755,0.006441769190132618,0.005763297434896231,0.0,0.0,0.0006131822592578828,0.000633657444268465,0.008489488624036312,0.0,0.006851345766335726,0.007664387580007315,0.0004691078793257475,0.0,0.0006560137844644487,0.0,0.0,6.262643728405237e-05,0.026469312608242035,0.02595626935362816,0.025064900517463684,0.0,0.0,0.0031545129604637623,0.0,0.0,0.0,0.0,0.0,0.0,0.0,0.0,0.0,0.0,0.0,0.0,0.0,0.0,0.0,0.0,0.0,0.20795977115631104,0.0,0.0011028664885088801,0.0052680447697639465,0.013831269927322865,0.018622955307364464,0.0193549282848835
50,1.6666666666666667,0.0010756482370197773,0.0,0.0,0.0,0.0,0.0,0.0,0.0009922338649630547,0.0,0.0,0.0,0.0,0.0,0.0,0.013450350612401962,0.0,0.001394407358020544,0.022395094856619835,0.009214465506374836,0.02768559940159321,0.0057633728720247746,0.0,0.0006374837248586118,0.0,0.0002825727569870651,0.007404941599816084,0.006645733956247568,0.0,0.0,0.0007534135947935283,0.0007522864616475999,0.008811374194920063,0.0,0.008502252399921417,0.007248766254633665,0.0014286257792264223,0.0007279434939846396,0.0007849258254282176,0.0,0.0,9.228560884366743e-06,0.024525823071599007,0.024109873920679092,0.02492763102054596,0.0,0.0,0.00390979927033186,0.0,0.0,0.0,0.0,0.0,0.0,0.0,0.0,0.0,0.0,0.0,0.0,0.0,0.0,0.0,0.0,0.0,0.20694220066070557,0.0,0.0012874160893261433,0.0,0.011546325869858265,0.011950579471886158,0.011967536062002182
51,1.7,0.0019376918207854033,0.0,0.0,0.0,0.0,0.0,0.0,0.0018824791768565774,0.0,0.0,0.0,0.0,0.0,0.0,0.011489816941320896,0.0,0.0010575377382338047,0.01624123752117157,0.0023319218307733536,0.03224591538310051,0.009778816252946854,0.0,0.0007803102489560843,0.0,0.0006549001554958522,0.007209248840808868,0.006371935363858938,0.0,0.0,0.0007060985080897808,0.000739231298211962,0.008907021954655647,0.0,0.011352291330695152,0.009081712923943996,0.0020245169289410114,0.0011108474573120475,0.0006561651243828237,0.0,0.0,0.0002160631847800687,0.024782830849289894,0.024372577667236328,0.022394729778170586,0.0,0.0,0.00414136191830039,0.0,0.0,0.0,0.0,0.0,0.0,0.0,0.0,0.0,0.0021059555001556873,0.0,0.0,0.0,0.0,0.0,0.0,0.0,0.20823128521442413,0.0,0.0011101396521553397,0.0,0.010255592875182629,0.0,0.00676725571975112
52,1.7333333333333334,0.0019644596613943577,0.0,0.0,0.0,0.0,0.0,0.0,0.001928224926814437,0.0,0.0,0.0,0.0,0.0,0.0,0.011368710547685623,0.0,0.0006793480715714395,0.011128121055662632,0.009421714581549168,0.028759276494383812,0.014441343955695629,0.0,0.0007844261708669364,0.0,0.0006237098132260144,0.007594491820782423,0.006801059935241938,0.0,0.0,0.0006561506306752563,0.0006642075022682548,0.009677170775830746,0.0,0.012047656811773777,0.007307940628379583,0.002529605757445097,0.001647917553782463,0.0007287253974936903,0.0,0.0,8.434423943981528e-05,0.023311281576752663,0.02308736927807331,0.02280605584383011,0.0,0.0,0.004454021342098713,0.0,0.0,0.0,0.0,0.0,0.0,0.0,0.0,0.0,0.0031703319400548935,0.0,0.0,0.0,0.0,0.0,0.0,0.0,0.20589500665664673,0.0,0.0016817759023979306,0.0,0.014892799779772758,0.0,0.008569336496293545
53,1.7666666666666666,0.0016284920275211334,0.0,0.0,0.0,0.0,0.0,0.0,0.001550501910969615,0.0,0.0,0.0,0.0,0.0,0.0,0.010634021833539009,0.0,0.0008883645059540868,0.019000206142663956,0.008982816711068153,0.02749604918062687,0.0103685287758708,0.0,0.0005772536969743669,0.0,3.045201265194919e-05,0.00720244413241744,0.006591466721147299,0.0,0.0,0.0005559814744628966,0.000535312108695507,0.008914641104638577,0.0,0.009848545305430889,0.007783935870975256,0.0008783742669038475,4.518370406003669e-05,0.0006405634339898825,0.0,0.0,0.0002832403115462512,0.02241995930671692,0.02205410972237587,0.022561142221093178,0.0,0.0,0.0038469110149890184,0.0,0.0,0.0,0.0,0.0,0.0,0.0,0.0,0.0,0.0,0.0,0.0,0.0,0.0,0.0,0.0,0.0,0.20741601288318634,0.0,0.0013418032322078943,0.0,0.012155884876847267,0.0,0.000375779636669904
54,1.8,0.0019149264553561807,0.0,0.0,0.0,0.0,0.0,0.0,0.0018169188406318426,0.0,0.0,0.0,0.0,0.0,0.0,0.011695881374180317,0.0,0.000502082344610244,0.02507987804710865,0.0031583523377776146,0.03226900473237038,0.009780585765838623,0.0,0.00044552405597642064,0.0,0.0,0.006690558977425098,0.0062009114772081375,0.0,0.0,0.0004973490722477436,0.0004873974248766899,0.008219225332140923,0.0,0.007038847077637911,0.009225506335496902,0.00047517335042357445,0.0,0.0004693795053754002,0.0,9.78565076366067e-05,0.0007533149910159409,0.022840501740574837,0.022423192858695984,0.021117793396115303,0.0,0.0,0.0036016427911818027,0.0,0.0,0.0,0.0,0.0,0.0,0.0,0.0,0.0,0.0,0.0,0.0,0.0,0.0,0.0,0.0,0.0,0.21060775220394135,0.0,0.0011241631582379341,0.0049104755744338036,0.013959690928459167,0.02065707929432392,0.02205856703221798
55,1.8333333333333333,0.002551396144554019,0.0,0.0,0.0,0.0,0.0,0.0,0.0024189408868551254,0.0,0.0,0.0,0.0,0.0,0.0,0.012788129039108753,0.0,0.0008063615532591939,0.02872077375650406,0.002136621158570051,0.03423670679330826,0.009749569930136204,0.0,0.0004272082296665758,0.0,0.0,0.006320434156805277,0.005791970528662205,0.0,0.0,0.000659713230561465,0.0006495078559964895,0.007837459444999695,0.0,0.0047837235033512115,0.008905244059860706,0.0002612730604596436,0.0,0.00048687291564419866,0.0,0.0,0.0005197843420319259,0.0220170971006155,0.021608928218483925,0.020735640078783035,0.0,0.0,0.004051228519529104,0.0,0.0,0.0,0.0,0.0,0.0,0.0,0.0,0.0,0.0,0.0,0.0,0.0,0.0,0.0,0.0,0.0,0.20980052649974823,0.0,0.0011289428221061826,0.012984136119484901,0.019370362162590027,0.02217554673552513,0.023877641186118126
56,1.8666666666666667,0.0012805769219994545,0.0,0.0,0.0,0.0,0.0,0.0,0.0011766704265028238,0.0,0.0,0.0,0.0,0.0,0.0,0.014463056810200214,0.0,0.001119077205657959,0.03240378946065903,0.006870214361697435,0.03555801138281822,0.009179715998470783,0.0,0.00046443683095276356,0.0,0.0,0.00649495143443346,0.005877574905753136,0.0,0.0,0.0008716505253687501,0.000888212991412729,0.007074333727359772,0.0,0.003993144258856773,0.0073815020732581615,0.0010108033893629909,0.0004926261026412249,0.00047141590039245784,0.0,0.0,0.00011548803740879521,0.022220522165298462,0.021704399958252907,0.02137628383934498,0.0,0.0,0.004509653430432081,0.0,0.0,0.0,0.0,0.0,0.0,0.0,0.0,0.0,0.0,0.0,0.0,0.0,0.0,0.0,0.0,0.0,0.20936989784240723,0.0,0.0009772083722054958,0.013873706571757793,0.018722282722592354,0.020908143371343613,0.022680900990962982
57,1.9,4.0470164094585925e-05,0.0,0.0,0.0,0.0,0.0,0.0,0.0,0.0,0.0,0.0,0.0,0.0,0.0,0.016525382176041603,0.0,0.0012643785448744893,0.02527926303446293,0.01035891193896532,0.03963162377476692,0.016061218455433846,0.0,0.0006785820587538183,0.0,0.0,0.007256421726197004,0.006364425178617239,0.0,0.0,0.0011111981002613902,0.0011949053732678294,0.008159482851624489,0.0,0.006673721130937338,0.006474340800195932,0.0052971066907048225,0.004513484425842762,0.00046927924267947674,0.0,0.0,0.0,0.02311796508729458,0.02273561805486679,0.021702144294977188,0.0,0.0,0.005940363742411137,0.0,0.0,0.0,0.0,0.0,0.0,0.0,0.0,0.0,0.00036566986818797886,0.0,0.0,0.0,0.0,0.0,0.0,0.0,0.20562157034873962,0.0,0.0009411103674210608,0.0,0.008611052297055721,0.0,0.0016313353553414345
58,1.9333333333333333,0.0,0.0,0.0,0.0,0.0,0.0,0.0007975269109010696,0.0,0.0,0.0,0.0,0.0,0.0,0.00083092728164047,0.01887119561433792,0.0,0.001962229609489441,0.02359381504356861,0.0025214699562639,0.04799284040927887,0.016331614926457405,0.0,0.0009105341741815209,0.0,0.0,0.0075953202322125435,0.006338160019367933,0.0,0.0,0.0015061674639582634,0.0016777173150330782,0.007704167626798153,0.0,0.009337925352156162,0.00819337647408247,0.0104056466370821,0.00902926828712225,0.00017809051496442407,0.0,0.0,0.0,0.024725478142499924,0.02417629025876522,0.020483877509832382,0.0,0.0,0.0071019516326487064,0.0,0.0,0.0,0.0,0.0,0.0,0.0,0.0,0.0,0.0,0.0007972577586770058,0.0,0.0,0.0135690588504076,0.0,0.0,0.0,0.24305009841918945,0.0003461823798716068,0.0,0.00631316564977169,0.0,0.0,0.048746488988399506
59,1.9666666666666666,0.0,0.0,0.0,0.0,0.0,0.0,0.0008058975217863917,0.0,0.0,0.0,0.0,0.0,0.0,0.0007786443457007408,0.017178082838654518,0.00029413923039101064,0.001178746810182929,0.0040255882777273655,0.014151101000607014,0.03636973723769188,0.01864626258611679,0.0,0.001035586348734796,0.0,0.00040898556471802294,0.00905202329158783,0.007666814606636763,0.0,0.0,0.0014743318315595388,0.0016767707420513034,0.011540582403540611,0.0,0.01615443080663681,0.004939937498420477,0.016924791038036346,0.015553786419332027,0.0005072869244031608,0.0,0.0,0.0,0.026261664927005768,0.025911854580044746,0.022790871560573578,0.0,0.0,0.007435658480972052,0.0,0.0,0.0,0.0,0.0,0.0,0.0,0.0,0.0,0.0,0.000849379226565361,0.0,0.0,0.016345961019396782,0.0,0.0,0.0,0.2447909414768219,0.00014201318845152855,0.0,0.0025732838548719883,0.0,0.0,0.05673884600400925
60,2.0,0.0,0.0,0.0,0.0,0.0,0.0,0.001144113950431347,0.0,0.0,0.0,0.0,0.0,0.0,0.0010312926024198532,0.016582680866122246,0.001048451871611178,0.00080649129813537,0.0,0.00632166163995862,0.019628221169114113,0.030481277033686638,0.0,0.0014103534631431103,0.0,0.001396128092892468,0.009657028131186962,0.008126371540129185,0.0,0.0,0.0010834225686267018,0.0013669326435774565,0.017740866169333458,0.0,0.03900117054581642,0.0022884306963533163,0.02889740839600563,0.027071712538599968,0.0002655946009326726,0.0,0.0,0.0,0.028792303055524826,0.028496406972408295,0.023236282169818878,0.0,0.0,0.00707656005397439,0.0,0.0,0.0,0.0,0.0,0.0,0.0,0.0,0.0,0.0,0.0010694414377212524,0.0,0.0,0.034783508628606796,0.0,0.0,0.0,0.3095523715019226,0.0004570400342345238,0.0,0.0025635401252657175,0.0,0.0,0.12488682568073273
61,2.033333333333333,0.0,0.0,0.0,0.0,0.0,0.0,0.001014454523101449,0.0,0.0,0.0,0.0,0.0,0.0,0.0009043323807418346,0.01007271371781826,0.0013257099781185389,0.0006489469087682664,0.0,0.0,0.02299698069691658,0.02707674913108349,0.0,0.0014898175140842795,0.0,0.0025008765514940023,0.007001996971666813,0.005595175549387932,0.0,0.0,0.0010160295059904456,0.001295651774853468,0.021491091698408127,0.0,0.04396571218967438,0.012757541611790657,0.01794155314564705,0.01603872701525688,0.0,0.0,0.0022417991422116756,0.0017039604717865586,0.033057183027267456,0.03257014602422714,0.023877989500761032,0.0,0.0,0.0065872641280293465,0.0,0.0,0.0,0.0,0.0,0.0,0.0,0.0,0.0,0.0,0.002532780170440674,0.0,0.0,0.03686702996492386,0.0,0.0,0.0,0.31632477045059204,0.0011387290433049202,0.0,0.02285481058061123,0.0,0.0,0.13218146562576294
62,2.066666666666667,0.0,0.0,0.0,0.0,0.0,0.0,3.981066038249992e-05,4.473002627491951e-05,0.0,0.0,0.0,0.0,0.0,0.0,0.0064616152085363865,0.0014445912092924118,0.0,0.0,0.017157739028334618,0.03410244733095169,0.027481283992528915,0.0,0.0016189831076189876,0.0,0.0008320990018546581,0.010917401872575283,0.009560510516166687,0.0,0.0,0.000911268696654588,0.0011445761192589998,0.016472235321998596,0.0,0.02898278646171093,0.009145825169980526,0.01674184575676918,0.014452352188527584,0.00041914088069461286,0.0,0.0,0.0,0.03514299541711807,0.03466009348630905,0.027289729565382004,0.0,0.0,0.006516900844871998,0.0,0.0,0.0,0.0,0.0,0.0,0.0,0.0,0.0,0.0,0.0003209151327610016,0.0,0.0,0.019619718194007874,0.0,0.0,0.0,0.26528021693229675,0.00047637708485126495,0.0,0.0024436276871711016,0.0,0.0,0.07000841200351715
63,2.1,0.0,0.0,0.0,0.0,0.0,0.0,0.0001243696897290647,0.0,0.0,0.0,0.0,0.0,0.0,0.00012944592162966728,0.011813374236226082,0.0,0.0011264708591625094,0.04178678244352341,0.023199409246444702,0.04617982357740402,0.012980920262634754,0.0,0.0017167525365948677,0.0,0.00013670134649146348,0.01156879123300314,0.010094462893903255,0.0,0.0,0.0013566374545916915,0.0015710184816271067,0.011529107578098774,0.0,0.016786208376288414,0.011089303530752659,0.01136733964085579,0.008897501975297928,0.00019250137847848237,0.0,0.0,0.0005154406535439193,0.03678102418780327,0.035951435565948486,0.030409909784793854,0.0,0.0,0.006072107702493668,0.0,0.0,0.0,0.0,0.0,0.0,0.0,0.0,0.0,0.021092521026730537,0.0,0.0,0.0,0.0,0.0,0.0,0.0,0.252067893743515,0.0,0.0,0.0,0.00027002760907635093,0.0,0.06325819343328476
64,2.1333333333333333,0.0,0.0,0.0,0.0,0.0,0.0,9.808328468352556e-05,0.0,0.0,0.0,0.0,0.0,0.0,0.00012643967056646943,0.017219068482518196,0.0,0.0020826354157179594,0.07524850219488144,0.016699284315109253,0.06421305984258652,0.00765602383762598,0.0,0.0014722608029842377,0.0,0.0,0.01263103075325489,0.011414647102355957,0.0,0.0,0.0013998185750097036,0.0015289627481251955,0.011646764352917671,0.0,0.010105759836733341,0.0160667784512043,0.0035688516218215227,0.00044256364344619215,1.792244984244462e-05,0.0,0.0,0.0013512264704331756,0.03942049294710159,0.03852967172861099,0.03233906254172325,0.0,0.0,0.006380103528499603,0.0,0.0,0.0,0.0,0.0,0.0,0.0,0.0,0.0,0.016271770000457764,0.0,0.0,0.0,0.0,0.0,0.0,0.0,0.2416963279247284,0.0,0.0009735059575177729,0.0,0.013051701709628105,0.0,0.04912586510181427
65,2.1666666666666665,0.0,0.0,0.0,0.0,0.0,0.0,0.0,0.0,0.0,0.0,0.0,0.0,0.0,0.0,0.029639899730682373,0.0,0.004825680050998926,0.12759265303611755,0.0320805087685585,0.07706306129693985,0.0,0.0,0.0015042750164866447,0.0,0.0,0.015198679640889168,0.014125937595963478,0.0,0.0,0.002017495222389698,0.0020596650429069996,0.0088517926633358,0.0,0.000740181072615087,0.016160501167178154,0.004466477315872908,0.0003311029286123812,0.0,0.0,0.0,0.00082914944505319,0.04068136587738991,0.03968798369169235,0.034980908036231995,0.0,0.0,0.007426875177770853,0.0,0.0,0.0,0.0,0.0,0.0,0.0,0.0,0.0,0.022453302517533302,0.0,0.0,0.0,0.0,0.0,0.0,0.0,0.23632416129112244,0.0,0.0016316012479364872,0.0,0.018619893118739128,0.0,0.06185179948806763
66,2.2,0.0,0.0,0.0,0.0,0.0,0.0,0.001166307250969112,0.0,0.0,0.0,0.0,0.0,0.0,0.0011041449615731835,0.03654366731643677,0.0,0.005628218408674002,0.15107762813568115,0.04976857453584671,0.0909380316734314,0.0,0.0,0.001545666134916246,0.0,0.0,0.018468011170625687,0.017044810578227043,0.0,0.0,0.0023198011331260204,0.002309229224920273,0.011503903195261955,0.0,0.0012559812748804688,0.01706767827272415,0.008264835923910141,0.00288395001552999,0.00023852140293456614,0.0,0.0,0.00100890698377043,0.041376251727342606,0.04014018923044205,0.03648477420210838,0.0,0.0,0.009402371011674404,0.0,0.0,0.0,0.0,0.0,0.0,0.0,0.0,0.0,0.0323319286108017,0.0,0.0,0.0,0.0,0.0,0.0,0.0,0.238057941198349,0.0,0.0010206896113231778,0.0,0.013722963631153107,0.0,0.08693927526473999
67,2.2333333333333334,0.0,0.0,0.0,0.0,0.0,0.0,0.002035078825429082,0.0,0.0,0.0,0.0,0.0,0.0,0.0018915394321084023,0.03789934515953064,0.0,0.004828761797398329,0.1346765160560608,0.07577035576105118,0.10306819528341293,0.027945060282945633,0.0,0.0021599901374429464,0.0,0.0,0.021981457248330116,0.0203687846660614,0.0,0.0,0.0018394514918327332,0.0019294469384476542,0.015338531695306301,0.0,0.012974204495549202,0.016637390479445457,0.012194935232400894,0.005105952266603708,0.00015374731447082013,0.0,0.0,0.0002751027641352266,0.04070799797773361,0.03962064906954765,0.0374252013862133,0.0,0.0,0.011738097295165062,0.0,0.0,0.0,0.0,0.0,0.0,0.0,0.0,0.0,0.04029988497495651,0.0,0.0,0.0,0.0,0.0,0.0,0.0,0.2548471987247467,0.0,0.00042051199125126004,0.0,0.009803022257983685,0.0,0.11236362159252167
68,2.2666666666666666,0.0,0.0,0.0,0.0,0.0,0.0,0.002558296313509345,0.0,0.0,0.0,0.0,0.0,0.0,0.0023751484695822,0.0331776887178421,0.0,0.00386701337993145,0.0965786948800087,0.08888732641935349,0.09588958323001862,0.04939621686935425,0.0,0.0027137852739542723,0.0,0.0,0.023793941363692284,0.021953299641609192,0.0,0.0,0.0013699172995984554,0.0015209715347737074,0.020255902782082558,0.0,0.02525448240339756,0.015003356151282787,0.01621292717754841,0.008711913600564003,0.00035255696275271475,0.0,0.0,0.0,0.04096711054444313,0.04028194397687912,0.03672425076365471,0.0,0.0,0.013043515384197235,0.0,0.0,0.0,0.0,0.0,0.0,0.0,0.0,0.0,0.03032902628183365,0.0,0.0,0.0,0.0,0.0,0.0,0.0,0.22504788637161255,0.0,0.0,0.0,0.0027665419038385153,0.0,0.07997799664735794
69,2.3,0.0,0.0,0.0,0.0,0.0,0.0,0.003928095102310181,0.0,0.0,0.0,0.0,0.0,0.0,0.0036958756390959024,0.02698644809424877,0.0,0.0036312234587967396,0.047746673226356506,0.07870341092348099,0.09135130047798157,0.06469818949699402,0.0,0.003850596724078059,0.0,0.0,0.02315565198659897,0.020467733964323997,0.0,0.0,0.001145029440522194,0.0013924547238275409,0.02321837656199932,0.0,0.034784648567438126,0.014272383414208889,0.020865248516201973,0.01434518676251173,0.0010851937113329768,0.0,0.0,0.0,0.040605489164590836,0.04026484116911888,0.03424407169222832,0.0,0.0,0.013408945873379707,0.0,0.0,0.0,0.0,0.0,0.0,0.0,0.0,0.0,0.0,0.0005503522697836161,0.0,0.0,0.01892324909567833,0.0,0.0,0.0,0.21710409224033356,0.0,0.0,0.0,0.0,0.0,0.05510517209768295
70,2.3333333333333335,0.0,0.0,0.0,0.0,0.0,0.0,0.004939981736242771,0.0,0.0,0.0,0.0,0.0,0.0,0.004607772454619408,0.022830724716186523,0.0,0.002131728222593665,0.018878348171710968,0.083158940076828,0.09265735745429993,0.08611240983009338,0.0,0.004120769910514355,0.0,0.0006770744803361595,0.022540075704455376,0.019814012572169304,0.0,0.0,0.0007093806052580476,0.0009999736212193966,0.023602163419127464,0.0,0.041112110018730164,0.012254432775080204,0.023505980148911476,0.017328478395938873,0.0013755607651546597,0.0,0.0,0.0,0.04023163393139839,0.040113724768161774,0.03351637348532677,0.0,0.0,0.013750389218330383,0.0,0.0,0.0,0.0,0.0,0.0,0.0,0.0,0.0,0.0,0.0014598194975405931,0.0,0.0,0.01558476872742176,0.0,0.0,0.0,0.20000000298023224,0.0,0.0,0.007054972928017378,0.0,0.0,0.040793415158987045
71,2.3666666666666667,0.0,0.0,0.0,0.0,0.0,0.0,0.0046666995622217655,0.0,0.0,0.0,0.0,0.0,0.0,0.004363772924989462,0.019893204793334007,0.0005266540101729333,0.0010876980377361178,0.0,0.05415136367082596,0.07940710335969925,0.09171288460493088,0.0,0.003899376606568694,0.0,0.0025808492209762335,0.01946697197854519,0.016929496079683304,0.0,0.0,0.00040915465797297657,0.0006958605954423547,0.026082510128617287,0.0,0.048258982598781586,0.011691750027239323,0.022053543478250504,0.017558878287672997,0.0014630097430199385,0.0,0.0,0.0,0.04138648882508278,0.041325923055410385,0.03274809196591377,0.0,0.0,0.012512373737990856,0.0,0.0,0.0,0.0,0.0,0.0,0.0,0.0,0.0,0.0,0.0013044702354818583,0.0,0.0,0.013310618698596954,0.0,0.0,0.0,0.20850737392902374,0.0,0.0,0.006032546050846577,0.0,0.0,0.037639468908309937
72,2.4,0.0,0.0,0.0,0.0,0.0,0.0,0.0046287341974675655,0.0,0.0,0.0,0.0,0.0,0.0,0.00431433692574501,0.01925213448703289,0.0020384532399475574,0.0003991497796960175,0.0,0.024507591500878334,0.07709433138370514,0.11492396891117096,0.0,0.0034452215768396854,0.0,0.003791722236201167,0.016254693269729614,0.013951345346868038,0.0,0.0,0.00020005633996333927,0.0005113796796649694,0.0281106848269701,0.0,0.05873877927660942,0.010629943571984768,0.022289929911494255,0.019084742292761803,0.0010012212442234159,0.0,0.000480189744848758,0.0,0.040725987404584885,0.040799517184495926,0.03319605812430382,0.0,0.0,0.012844634242355824,0.0,0.0,0.0,0.0,0.0,0.0,0.0,0.0,0.0,0.0,0.0010074451565742493,0.0,0.0,0.02178291790187359,0.0,0.0,0.0,0.25519198179244995,6.490666419267654e-05,0.0,0.0006270495359785855,0.0,0.0,0.07391027361154556
73,2.433333333333333,0.0,0.0,0.0,0.0,0.0,0.0,0.003171386430040002,0.0,0.0,0.0,0.0,0.0,0.0,0.002934976713731885,0.01682555489242077,0.0017738472670316696,0.0009090138482861221,0.0,0.005509018432348967,0.07415492087602615,0.08775389194488525,0.0,0.0030830567702651024,0.0,0.0044113933108747005,0.01274342741817236,0.010471289046108723,0.0,0.00020295738067943603,0.0007501036743633449,0.001043822499923408,0.02122923545539379,0.0,0.04445024952292442,0.010792515240609646,0.01861117221415043,0.016644218936562538,0.0008604504982940853,0.0,0.000280187203316018,0.0,0.04129914566874504,0.04127606004476547,0.03164268285036087,0.0,0.0,0.011358541436493397,0.0,0.0,0.0,0.0,0.0,0.0,0.0,0.0,0.0,0.00340284314006567,0.0008106841705739498,0.0,0.0,0.0190145131200552,0.0,0.0,0.0,0.2530841529369354,0.0,0.0,0.0,0.0,0.0,0.07466579228639603
74,2.466666666666667,0.0,0.0,0.0,0.0,0.0,0.0,0.0016992420423775911,0.0,0.0,0.0,0.0,0.0,0.0,0.0015299327205866575,0.016279958188533783,0.0017064663115888834,0.0009165076771751046,0.0,0.0,0.06533773243427277,0.06924164295196533,0.0,0.0026247671339660883,0.0,0.004048981238156557,0.009103256277740002,0.007162629161030054,0.0,0.00023551488993689418,0.0008084915461950004,0.0010694870725274086,0.01806233450770378,0.0,0.04072238504886627,0.013467761687934399,0.011609462089836597,0.010034564882516861,0.0005062171840108931,0.0,0.00444382568821311,0.003781694918870926,0.04206966608762741,0.04198145493865013,0.030868278816342354,0.0,0.0,0.009764337912201881,0.0,0.0,0.00012201330537209287,0.0,0.0,0.0,0.0,0.0,0.0,0.02334732562303543,0.0,0.0,0.0,0.0038172078784555197,0.0,0.0,0.0,0.24675515294075012,0.0,0.0,0.0,0.0,0.0,0.07965719699859619
75,2.5,0.0,0.0,0.0,0.0,0.0,0.0,8.690590766491368e-05,5.333918670658022e-05,0.0,0.0,0.0,0.0,0.0,0.0,0.011441471055150032,0.0009944586781784892,0.0004377398581709713,0.0,0.0,0.04666968807578087,0.045303672552108765,0.0,0.0017917109653353691,0.0,0.0027272615116089582,0.008536378853023052,0.007154667284339666,0.0,2.9046223062323406e-06,0.000514817947987467,0.0006524193449877203,0.01563592255115509,0.0,0.02749503217637539,0.010186171159148216,0.00554982665926218,0.004576931707561016,0.0006842831498943269,0.0,0.0030968808569014072,0.0027393465861678123,0.04093005135655403,0.04080897569656372,0.03305999934673309,0.0,0.0,0.006364081054925919,0.0,0.0,0.00013099401257932186,0.0,0.0,0.0,0.0,0.0,0.0,0.009134759195148945,0.0,0.0,0.0,0.0,0.0,0.0,0.0,0.20204366743564606,0.0,0.0009173741564154625,0.0,0.00829444918781519,0.0,0.021769344806671143
76,2.533333333333333,0.00033735184115357697,0.0,0.0,0.0,0.0,0.0,1.0159592420677654e-05,0.0004305256006773561,0.0,0.0,0.0,0.0,0.0,0.0,0.01143091544508934,0.0006968855741433799,0.00023268035147339106,0.0,0.0,0.035926710814237595,0.033284131437540054,0.0,0.0013061369536444545,0.0,0.002251931233331561,0.007377274334430695,0.006349771749228239,0.0,0.0,0.00041486634290777147,0.00048498468822799623,0.015382452867925167,0.0,0.024668648838996887,0.009872719645500183,0.0026008537970483303,0.0018212890718132257,0.0005958384717814624,0.0,0.005268625449389219,0.0050703682936728,0.04025108367204666,0.040117308497428894,0.0329938642680645,0.0,0.0,0.004934561904519796,0.0,0.0,0.00018617577734403312,0.0,0.0,0.0,0.0,0.0,0.0,3.0132592655718327e-05,0.0,0.0,0.0,0.0010188431479036808,0.0,0.0,0.0,0.20000000298023224,0.0,0.0011406480334699154,0.0,0.010408549569547176,0.0,0.0027102159801870584
77,2.566666666666667,0.00040054594865068793,0.0,0.0,0.0,0.0,0.0,0.0,0.00041310308733955026,0.0,0.0,0.0,0.0,0.0,0.0,0.008856299333274364,0.00019199069356545806,0.0,0.0021171539556235075,0.000562158296816051,0.03273835778236389,0.017634015530347824,0.0,0.0007209402392618358,0.0,0.0009471001103520393,0.006958024110645056,0.006377909332513809,0.0,0.0,0.0003203979867976159,0.0003082901821471751,0.01235337182879448,0.0,0.010991315357387066,0.009009788744151592,0.0003826056781690568,0.0,0.0006409008638001978,0.0,0.004898599348962307,0.005187857896089554,0.03857829049229622,0.03838176280260086,0.03324008733034134,0.0,0.0,0.0033262416254729033,0.0,0.0,0.00011389285646146163,0.0,0.0,0.0,0.0,0.0,0.0,0.0,0.0,0.0,0.0,0.0,0.0,0.0,0.0,0.20121902227401733,0.0,0.0012677336344495416,0.0,0.011371186934411526,0.00209420220926404,0.0
78,2.6,0.00012257235357537866,0.0,0.0,0.0,0.0,0.0,0.0,9.17024735826999e-05,0.0,0.0,0.0,0.0,0.0,0.0,0.008951576426625252,0.00018482477753423154,0.0,0.009043180383741856,0.0,0.03283855691552162,0.012683968059718609,0.0,0.0005384480464272201,0.0,0.0008820576476864517,0.006883569061756134,0.006327573210000992,0.0,0.0,0.0004018645267933607,0.00040048640221357346,0.012541922740638256,0.0,0.009681113064289093,0.00963614135980606,0.00028330832719802856,0.0,0.0006334822974167764,0.0,0.004806006792932749,0.005196272861212492,0.038680821657180786,0.038347356021404266,0.03229152411222458,0.0,0.0,0.0031376839615404606,0.0,0.0,0.00011708173406077549,0.0,0.0,0.0,0.0,0.0,0.0,0.0031834279652684927,0.0,0.0,0.0,0.0,0.0,0.0,0.0,0.20610444247722626,0.0,0.001356508699245751,0.0,0.012524662539362907,0.0,0.007524308282881975
79,2.6333333333333333,0.0011384017998352647,0.0,0.0,0.0,0.0,0.0,0.0,0.0011466849828138947,0.0,0.0,0.0,0.0,0.0,0.0,0.008622100576758385,0.000400285905925557,0.0,0.009506577625870705,0.0,0.03409422188997269,0.010063184425234795,0.0,0.0005294305155985057,0.0,0.0007743354653939605,0.006062864791601896,0.005480655003339052,0.0,0.0,0.0004678698314819485,0.0004816037544514984,0.010823560878634453,0.0,0.00910711195319891,0.010076419450342655,0.00024676884640939534,0.0,0.0005828886642120779,0.0,0.006370412651449442,0.006443456746637821,0.03893203288316727,0.03851901367306709,0.03207995742559433,0.0,0.0,0.002864833688363433,0.0,0.0,0.0002546891919337213,0.0,0.0,0.0,0.0,0.0,0.0,0.002899079117923975,0.0,0.0,0.0,0.0,0.0,0.0,0.0,0.20501071214675903,0.0,0.001310777268372476,0.0,0.01189427636563778,0.0,0.006983116269111633
80,2.6666666666666665,0.0,0.0,0.0,0.0,0.0,0.0,2.557672451075632e-05,5.6181277614086866e-05,0.0,0.0,0.0,0.0,0.0,0.0,0.01061643660068512,0.0014205396873876452,0.0,0.013995783403515816,0.005035971757024527,0.05828060582280159,0.03382161259651184,0.0,0.001077234628610313,0.0,0.0,0.008028331212699413,0.007271865848451853,0.0,0.0,0.000492697989102453,0.000663558195810765,0.009106084704399109,0.0,0.016189316287636757,0.011483199894428253,0.0033184934873133898,0.0013291796203702688,0.00013806286733597517,0.0,0.004517390858381987,0.003741249442100525,0.04050092399120331,0.03997865319252014,0.030397357419133186,0.0,0.0,0.005521588027477264,0.0,0.0,0.0003496450372040272,0.0,0.0,0.0,0.0,0.0,0.0,0.014638043940067291,0.0,0.0,0.0,0.0,0.0,0.0,0.0,0.23929500579833984,0.0,0.0,0.0,0.0017956099472939968,0.0,0.046108026057481766
81,2.7,0.0,0.0,0.0,0.0,0.0,0.0,4.632086529454682e-06,5.242655242909677e-05,0.0,0.0,0.0,0.0,0.0,0.0,0.012404303066432476,0.0018091684905812144,0.0,0.017486438155174255,0.017572563141584396,0.053743138909339905,0.03428139165043831,0.0,0.0007936868933029473,0.0,0.0,0.009348043240606785,0.008800025098025799,0.0,0.0,0.0003970954567193985,0.0005494282813742757,0.008953753858804703,0.0,0.017908453941345215,0.010131235234439373,0.0025483525823801756,0.0002609747170936316,0.00013518707419279963,0.0,0.0016119268257170916,0.000537011306732893,0.04101148620247841,0.04045172035694122,0.033767666667699814,0.0,0.0,0.005587071646004915,0.0,0.0,0.0003745264548342675,0.0,0.0,0.0,0.0,0.0,0.0,0.021219592541456223,0.0,0.0,0.0,0.0,0.0,0.0,0.0,0.25596386194229126,0.0,0.0,0.0,0.0009112823172472417,0.0,0.0667668879032135
82,2.7333333333333334,0.0,0.0,0.0,0.0,0.0,0.0,0.00020796099852304906,0.0,0.0,0.0,0.0,0.0,0.0,0.0001797434815671295,0.01240813359618187,0.001960747642442584,0.0,0.016665585339069366,0.018003329634666443,0.04284362494945526,0.028184665367007256,0.0,0.00035115747596137226,0.0,0.0,0.008524276316165924,0.008294147439301014,0.0,0.0,0.0002283719804836437,0.0002938387042377144,0.008025472983717918,0.0,0.014589141122996807,0.008893324993550777,0.001497703487984836,0.0,0.00011688338418025523,0.0,0.003449525684118271,0.0025438207667320967,0.0415252260863781,0.04097481444478035,0.03674415498971939,0.0,0.0,0.004323921166360378,0.0,0.0,0.00047123944386839867,0.0,0.0,0.0,0.0,0.0,0.0,0.007578246295452118,0.0,0.0,0.0,0.0,0.0,0.0,0.0,0.23129470646381378,6.033339013811201e-05,0.0,0.0002314667362952605,0.0,0.0,0.026057878509163857
83,2.7666666666666666,0.0,0.0,0.0,0.0,0.0,0.0,0.0018632683204486966,0.0,0.0,0.0,0.0,0.0,0.0,0.001815497875213623,0.014640365727245808,0.0025610392913222313,0.0,0.019533902406692505,0.03327270969748497,0.04110605642199516,0.03222859278321266,0.0,0.00017161272990051657,0.0,0.0,0.009893322363495827,0.009884638711810112,0.0,0.0,0.00017977958486881107,0.00022875811555422843,0.00743495486676693,0.0,0.016106657683849335,0.006936284247785807,0.0018746685236692429,0.0,0.0,0.0,0.0010663574794307351,0.0,0.040652524679899216,0.04009734094142914,0.039310798048973083,0.0,0.0,0.004695667419582605,0.0,0.0,0.0004703712766058743,0.0,0.0,0.0,0.0,0.0,0.005508385132998228,0.0006472577806562185,0.000288763694697991,0.0,0.0,0.0,0.0,0.0,0.0,0.2072526067495346,0.0005151639925315976,0.0,0.00909600779414177,0.0,0.004653990268707275,0.00855883676558733
84,2.8,0.0,0.0,0.0,0.0,0.0,0.0,0.0028604844119399786,0.0,0.0,0.0,0.0,0.0,0.0,0.002791570732370019,0.016767172142863274,0.0024040844291448593,0.0,0.02319517731666565,0.048389215022325516,0.04464851692318916,0.0391850546002388,0.0,0.00036086648469790816,0.0,0.0,0.011810414493083954,0.01166902482509613,0.0,0.0,0.0002683943312149495,0.0003303227131254971,0.008850508369505405,0.0,0.018599731847643852,0.00572983967140317,0.0022943359799683094,0.0,0.00019593536853790283,0.0,0.0006310440949164331,0.0,0.039947688579559326,0.039357561618089676,0.040926072746515274,0.0,0.0,0.005817994009703398,0.0,0.0,0.0003297304210718721,0.0,0.0,0.0,0.0,0.0,0.003032717388123274,0.0,0.00048593009705655277,0.0,0.003203544532880187,0.0,0.0,0.0,0.0033245000522583723,0.20000000298023224,0.0002184873737860471,0.0,0.008864869363605976,0.0039153085090219975,0.012199156917631626,0.01565113477408886
85,2.8333333333333335,0.0,0.0,0.0,0.0,0.0,0.0,0.0021046341862529516,0.0,0.0,0.0,0.0,0.0,0.0,0.0020736167207360268,0.014975005760788918,0.0015123140765354037,0.0,0.01841183565557003,0.034718748182058334,0.031169600784778595,0.0253444854170084,0.0,0.00010436829325044528,0.0,0.0,0.010290056467056274,0.010210522450506687,0.0,0.0,0.00021428303443826735,0.00016519427299499512,0.00953414011746645,0.0,0.01499412301927805,0.005930394399911165,0.0011858610669150949,0.0,0.00042660904000513256,0.0,0.00047858586185611784,0.0,0.04204993695020676,0.04157513380050659,0.04298681393265724,0.0,0.0,0.003913915250450373,0.0,0.0,0.0003829739580396563,0.0,0.0,0.0,0.0,0.0,0.00026848725974559784,0.0,0.0,0.0,0.002817099681124091,0.0,0.0,0.0,0.005304991267621517,0.20000000298023224,0.0,0.00012100594176445156,0.0088202441111207,0.009953751228749752,0.021343298256397247,0.024216974154114723
86,2.8666666666666667,0.0,0.0,0.0,0.0,0.0,0.0,0.00222046859562397,0.0,0.0,0.0,0.0,0.0,0.0,0.00216522254049778,0.013447287492454052,0.0012175621232017875,0.0,0.010164969600737095,0.03755132853984833,0.02359607256948948,0.024108754470944405,0.0,0.0002680245088413358,0.0,0.0,0.010436137206852436,0.010259376838803291,0.0,0.0,0.00021350791212171316,0.00012851889187004417,0.010196116752922535,0.0,0.01684752106666565,0.004317860119044781,0.0011727293021976948,0.0,0.0006729919696226716,0.0,0.0001388968521496281,0.0,0.04299716651439667,0.04262296110391617,0.04404907673597336,0.0,0.0,0.0035725433845072985,0.0,0.0,0.0003302814729977399,0.0,0.0,0.0,0.0,0.0,0.0,0.00028124990058131516,0.0,0.0,0.0,0.0,0.0,0.0,0.004253352992236614,0.20000000298023224,0.0,0.0006409336347132921,0.005501261912286282,0.010828654281795025,0.02410874329507351,0.024686312302947044
87,2.9,0.0,0.0,0.0,0.0,0.0,0.0,0.00113287556450814,0.0,0.0,0.0,0.0,0.0,0.0,0.001092685153707862,0.011534863151609898,0.0011171678779646754,0.0,0.011046628467738628,0.0414312407374382,0.022167479619383812,0.024417458102107048,0.0,0.0004406514053698629,0.0,0.0,0.011013396084308624,0.010593147948384285,0.0,0.0,0.0003655934415291995,0.00027690656133927405,0.011338773183524609,0.0,0.018332134932279587,0.0036085413303226233,0.001194503391161561,0.0,0.0009700966184027493,0.0,0.0,0.0,0.04271681234240532,0.04230371490120888,0.04526662826538086,0.0,0.0,0.003971019759774208,0.0,0.0,4.811005783267319e-05,0.0,0.0,0.0,0.0,0.0,0.0,0.0,0.0,0.0,0.0,0.0,0.0,0.0,0.0005620990414172411,0.20000000298023224,0.0,0.0010975792538374662,0.0011476550716906786,0.010172901675105095,0.03311390057206154,0.03364700451493263
88,2.933333333333333,0.0004262693109922111,0.0,0.0,0.0,0.0,0.00151092279702425,0.00010923336958512664,0.0004497275222092867,0.0,0.0,0.0,0.0,0.00023094679636415094,7.223802822409198e-05,0.007789794821292162,0.000307764537865296,0.0,0.004441431257873774,0.024209562689065933,0.013506726361811161,0.01476270705461502,0.0,9.440187568543479e-05,0.0,0.0,0.00827402900904417,0.008164923638105392,0.0,0.0,0.0001721365551929921,1.5379826436401345e-05,0.009849486872553825,0.0,0.014513571746647358,0.0041527352295815945,0.00039472096250392497,0.0,0.0007400520262308419,0.0,0.001179254031740129,0.0012938338331878185,0.045781996101140976,0.04548301175236702,0.045280952006578445,0.0,0.0,0.0021788030862808228,9.663653327152133e-05,0.0,0.0003455829282756895,0.0,0.0,0.0,0.0,0.0,0.0,0.00041780766332522035,0.0,0.0,0.0,0.0,0.0,0.0,0.0,0.20006230473518372,0.0,0.00041396362939849496,0.0,0.003507617162540555,0.0,0.0008473294437862933
89,2.966666666666667,3.043125798285473e-05,0.0,0.0,0.0,0.0,0.002560848370194435,0.00039739403291605413,6.906808994244784e-05,0.0,0.0,0.0,0.0,0.0010029461700469255,0.00034647350548766553,0.006534247659146786,0.000220693793380633,0.0,0.0,0.013944126665592194,0.01057004276663065,0.012627058662474155,0.0,7.977176574058831e-05,0.0,0.0,0.006186161655932665,0.00604875897988677,0.0,0.0,0.00011756480671465397,0.0,0.00732357706874609,0.0,0.014333870261907578,0.0033287962432950735,0.00016642578702885658,0.0,0.0006701706442981958,0.0,0.004051203839480877,0.0035912946332246065,0.047733504325151443,0.04745130240917206,0.04342137649655342,0.0,0.0,0.0012033693492412567,0.0006015053950250149,0.0,0.0013016849989071488,0.0008360908250324428,0.0,0.0,0.0,0.0,0.0,0.005096872337162495,0.0,0.0,0.0,0.0,0.0,0.0,0.0,0.20621474087238312,0.0,9.385007433593273e-05,0.0,0.001329566352069378,0.0,0.014331189915537834
90,3.0,0.0,0.0,0.0,0.0,0.0,0.0024952474050223827,0.00056722346926108,3.9392038161167875e-05,0.0,0.0,0.0,0.0,0.0011406764388084412,0.000502174545545131,0.0077156866900622845,0.00016310330829583108,0.00015284160326700658,0.0,0.010200615972280502,0.014313501305878162,0.018247883766889572,0.0,0.00023189543571788818,0.0,0.0,0.006548017263412476,0.006280755158513784,0.0,0.0,0.00010667353490134701,0.0,0.00818184670060873,0.0,0.018276147544384003,0.004372867755591869,0.00037081469781696796,0.0,0.000751732150092721,0.0,0.004724546801298857,0.0041958666406571865,0.046549391001462936,0.04632417485117912,0.043071430176496506,0.0,0.0,0.0016674395883455873,0.000497726199682802,0.0,0.0008284974028356373,0.0003403133887331933,0.0,0.0,0.0,0.0,0.0,0.005302287172526121,0.0,0.0,0.0,0.0,0.0,0.0,0.0,0.2068144828081131,0.0,0.0003132227575406432,0.0,0.0031560929492115974,0.0,0.015165832825005054
91,3.033333333333333,0.0,0.0,0.0,0.0,0.0,0.0029023466631770134,0.0004850366967730224,5.82570064580068e-05,0.0,0.0,0.0,0.0,0.0014905885327607393,0.0004221405542921275,0.011570201255381107,0.000316710356855765,0.0006065680063329637,0.0,0.0,0.01974688656628132,0.025984209030866623,0.0,0.00027694067102856934,0.0,0.0,0.003718677908182144,0.0034483340568840504,0.0,0.0,0.00015231802535708994,0.00011960901611018926,0.007298643235117197,0.0,0.024616099894046783,0.007247110363095999,0.0010639714309945703,0.0007942970842123032,0.0002758656919468194,0.0,0.009612332098186016,0.008760855533182621,0.04524146392941475,0.04496017470955849,0.04004259780049324,0.0,0.0,0.0026266153436154127,0.0007159817614592612,0.0,0.0013083575759083033,0.0007823485066182911,0.0,0.0,0.0,0.0,0.0,0.009810836985707283,0.00017926283180713654,0.0,0.0,0.007593438029289246,0.0,0.0,0.0,0.24885262548923492,4.922505468130112e-06,0.0,0.0,0.0,0.0,0.058370646089315414
92,3.066666666666667,0.0,0.0,0.0,0.0,0.0,0.0017696223221719265,0.0033552900422364473,0.0,0.0,0.0,0.0,0.0,7.766000635456294e-05,0.003355252556502819,0.019648520275950432,0.0001492066658101976,0.0022806639317423105,0.0,0.0,0.011767690069973469,0.015964992344379425,0.0,0.00020699482411146164,0.009827789850533009,0.01033878792077303,0.0006505383644253016,0.00012171241542091593,0.0,1.4414204997592606e-05,0.001083782990463078,0.0012262422824278474,0.01367445383220911,0.0,0.04422619938850403,0.01229548268020153,0.013864216394722462,0.013698681257665157,0.0,0.0,0.01196057628840208,0.010859661735594273,0.04224291816353798,0.04137776792049408,0.038175199180841446,0.0,0.0,0.004004556220024824,0.0006201456999406219,0.0,0.00041593873174861073,0.0,0.0,0.0,0.0,0.0,0.0,0.008164018392562866,0.0019115402828902006,0.0,0.0,0.07644888758659363,0.0,0.0,0.0,0.4915459156036377,0.001265884144231677,0.0,0.008181508630514145,0.0,0.0,0.3118588924407959
93,3.1,0.0,0.0,0.0,0.0,0.0,0.0011804881505668163,0.00484197773039341,0.0,0.0,0.0,0.0,0.0,0.0,0.004847773816436529,0.0262333694845438,0.00020057859364897013,0.0029892446473240852,0.0,0.0,0.0035746938083320856,0.0062063816003501415,0.0,0.00022415470448322594,0.021677060052752495,0.02269921265542507,0.00034288622555322945,0.0,0.0015308844158425927,0.0016486836830154061,0.001715121790766716,0.00193113146815449,0.014900869689881802,0.0,0.05332079529762268,0.014988739974796772,0.019025763496756554,0.019347144290804863,0.0,0.0,0.014099232852458954,0.013074624352157116,0.03790803998708725,0.03697756677865982,0.03853979334235191,0.0,0.0,0.004741107113659382,0.0004884887603111565,0.0,0.00022789101058151573,0.0,0.0,0.0,0.0,0.0,0.0,0.015777677297592163,0.0038427156396210194,0.0,0.0,0.14222504198551178,0.0,0.0,0.0,0.7480097413063049,0.002556316554546356,0.0,0.020358972251415253,0.0,0.0,0.5833821296691895
94,3.1333333333333333,0.0,0.0,0.0,0.0,0.0,0.00042892384226433933,0.007273806259036064,0.0,0.0,0.0,0.0,0.0,0.0,0.007094788830727339,0.03073728084564209,0.0016795009141787887,0.0030648221727460623,0.0,0.0,0.0,0.019415151327848434,0.0,0.0011111092753708363,0.0346774160861969,0.037363287061452866,0.0007115776534192264,0.0,0.0028411096427589655,0.0032542613334953785,0.0016176014905795455,0.0019486689707264304,0.02817082218825817,0.0,0.10213246196508408,0.008427807129919529,0.04930085316300392,0.04913681373000145,0.0,0.0,0.004083283711224794,0.002331141848117113,0.032584257423877716,0.03175574168562889,0.03871903195977211,0.0,0.0,0.0056025502271950245,0.0005101037095300853,0.0,0.0,0.0,0.0,0.0,0.0,0.0,0.0,0.05203627049922943,0.002208979334682226,0.0,0.0,0.1428304761648178,0.0,0.0,0.0,0.8491431474685669,0.0022828017827123404,0.0,0.0079917311668396,0.0,0.0,0.6993083357810974
95,3.1666666666666665,0.0,0.0,0.0,0.0,0.0,0.0,0.00803186185657978,0.0,0.0,0.0,0.0,0.0,0.0,0.007638781331479549,0.027585864067077637,0.0023007269483059645,0.003733937395736575,0.0,0.0,0.0,0.0,0.0,0.0007772212265990674,0.043482113629579544,0.045567985624074936,0.0,0.0,0.011461667716503143,0.010885984636843204,0.0018647790420800447,0.0021186547819525003,0.045968394726514816,0.0044691977091133595,0.19697916507720947,0.0,0.12259546667337418,0.12136249989271164,0.0,0.0,0.0,0.0,0.02521353028714657,0.024537650868296623,0.038322873413562775,0.0,0.0,0.002186531201004982,0.0,0.0,0.0,0.0,0.0,0.0,0.0,0.0,0.0,0.01902318000793457,0.0029824497178196907,0.0,0.0,0.11395851522684097,0.0,0.0,0.0,0.6606420278549194,0.0027177119627594948,0.0,0.02586597204208374,0.0,0.0,0.4851106107234955
96,3.2,0.0,0.0,0.0,0.0,0.0,0.0,0.009470734745264053,0.0,0.0,0.0,0.0,0.0,0.0,0.00911517534404993,0.011751812882721424,0.00017086723528336734,0.004822860937565565,0.0,0.0,0.0,0.0,0.0,0.0008698878809809685,0.04589196294546127,0.052043527364730835,0.0,0.0,0.01521634217351675,0.014943871647119522,0.006017682142555714,0.00629711477085948,0.05055281147360802,0.01687084510922432,0.165135458111763,0.0,0.12454407662153244,0.12524138391017914,0.0,0.0,0.0,0.0,0.020795408636331558,0.019821135327219963,0.035123247653245926,0.0,0.0,0.0,0.0,0.0,0.0,0.0,0.0,0.0,0.0,0.0,0.0,0.0,0.0036305785179138184,0.0,0.0,0.07473596185445786,0.0,0.0,0.0,0.4642820358276367,0.0028021764010190964,0.0,0.04274610057473183,0.0,0.0,0.2743920683860779
97,3.2333333333333334,0.0,0.0,0.0,0.0,0.0,0.0,0.01436307281255722,0.0,0.0,0.0,0.0,0.0,0.0,0.01417477335780859,0.0,0.0,0.009478089399635792,0.018977629020810127,0.0,0.0,0.0,0.0,0.0033187069930136204,0.036186423152685165,0.05096673592925072,0.00034463766496628523,0.0,0.015876155346632004,0.01792118325829506,0.010551939718425274,0.011087609454989433,0.027175145223736763,0.017567826434969902,0.0,0.0,0.05510822683572769,0.06207621842622757,0.0,0.0,0.0,0.0,0.018207531422376633,0.01655798964202404,0.03086473047733307,0.0,0.00036986524355597794,0.0,0.0,0.0,0.0,0.0,0.0,0.0,0.0,0.0,0.0,0.0,0.002552248537540436,0.0,0.0,0.06026671826839447,0.0,0.0,0.0,0.410872220993042,0.0024678371846675873,0.0,0.03427601233124733,0.0,0.0,0.21812687814235687
98,3.2666666666666666,0.0,0.0,0.0,0.0,0.0,0.0,0.014934905804693699,0.0,0.0,0.0,0.0,0.0,0.0,0.014747424982488155,0.01621883735060692,0.0,0.01719205267727375,0.1100926399230957,0.0,0.0,0.0,0.0,0.004802854266017675,0.05187494307756424,0.06810055673122406,0.000500297115650028,0.0,0.016353560611605644,0.018775850534439087,0.013993007130920887,0.014506938867270947,0.0,0.0,0.0,0.0008149558561854064,0.018316010013222694,0.02768818475306034,0.006664651911705732,0.007806275971233845,0.0,0.0,0.016305672004818916,0.014639227651059628,0.027955371886491776,0.0,0.0003924191405531019,0.0,0.0,0.0,0.0,0.0,0.0,0.0,0.0,0.0,0.0,0.02844555675983429,0.00014319946058094501,0.0,0.0,0.05807052552700043,0.0,0.0,0.0,0.47770965099334717,0.0016837464645504951,0.0,0.007971037179231644,0.0,0.0,0.2976401448249817
99,3.3,0.0,0.0,0.0,0.0,0.0,0.0,0.014736550860106945,0.0,0.0,0.0,0.0,0.0,0.0,0.01446452084928751,0.020780133083462715,0.0,0.023009344935417175,0.1172652468085289,0.0,0.0,0.0,0.0,0.006881726440042257,0.05307808518409729,0.07250057905912399,0.0014204219914972782,0.0,0.016304070129990578,0.019451824948191643,0.013485330156981945,0.014069722965359688,0.004214959684759378,0.0,0.0,0.034944575279951096,0.0,0.008375873789191246,0.009866629727184772,0.010656958445906639,0.00688632158562541,0.008100609295070171,0.016623137518763542,0.015260658226907253,0.024851076304912567,0.0,0.00012851700012106448,0.0,0.0,0.0,0.0,0.0,0.0,0.0,0.0,0.0,0.0,0.06946691125631332,0.0006653368473052979,0.0,0.0,0.03150121122598648,0.0,0.0,0.0,0.4371826648712158,5.81890344619751e-05,0.0,0.0,0.0,0.0,0.3128558099269867
100,3.3333333333333335,0.0,0.0,0.0,0.0,0.0,0.0,0.016951831057667732,0.0,0.0,0.0,0.0,0.0,0.0,0.016571884974837303,0.0,0.0,0.019968552514910698,0.03038323111832142,0.0,0.0,0.0,0.0,0.007931051775813103,0.054438214749097824,0.07672463357448578,0.002087785629555583,0.0,0.017514213919639587,0.02132122963666916,0.011266214773058891,0.011994941160082817,0.02989865094423294,0.0,0.0,0.049954645335674286,0.0,0.0072983624413609505,0.001777841942384839,0.0017669674707576632,0.031084556132555008,0.03160841390490532,0.017811579629778862,0.01662280410528183,0.018375638872385025,0.0,0.0,0.0,0.0,0.0,0.0,0.0,0.0,0.0,0.0,0.0,0.0,0.011782985180616379,0.002025038003921509,0.0,0.0,0.053184520453214645,0.0,0.0,0.0,0.3532658815383911,0.00032756291329860687,0.0,0.0,0.0,0.0,0.20978759229183197
101,3.3666666666666667,0.0,0.0,0.0,0.0,0.0,0.0,0.018534814938902855,0.0,0.0,0.0,0.0,0.0,0.0,0.01808047480881214,0.0,0.0,0.01646200381219387,0.0,0.0,0.0,0.0,0.0,0.008040170185267925,0.07719158381223679,0.09639111906290054,0.0019426982617005706,0.0,0.01637597195804119,0.019828779622912407,0.00804441049695015,0.008824294432997704,0.053697455674409866,0.0,0.03311263397336006,0.05961405858397484,0.003001291071996093,0.009150238707661629,0.0,0.0,0.05092824622988701,0.05058244988322258,0.018465178087353706,0.017499959096312523,0.015729080885648727,0.0,0.0,0.006169464439153671,0.0,0.0,0.0002111725480062887,0.0,0.0,0.0,0.0,0.0,0.0,0.0,0.0032885782420635223,0.0,0.0,0.0379648394882679,0.0,0.0,0.0,0.2516436278820038,0.00029744673520326614,0.0,0.012751217931509018,0.0,0.0,0.1099497601389885
102,3.4,0.0,0.0,0.0,0.0,0.0,0.0,0.0188551414757967,0.0,0.0,0.0,0.0,0.0,0.0,0.018310440704226494,0.0,0.0,0.016679363325238228,0.0,0.0,0.0,0.0,0.0,0.007967310957610607,0.0999295562505722,0.11810415238142014,0.0013740602880716324,0.0,0.017599372193217278,0.020901953801512718,0.007681769784539938,0.008499138988554478,0.10543441772460938,0.0,0.08367901295423508,0.06695061177015305,0.008148628287017345,0.014556056819856167,0.0,0.0,0.059181418269872665,0.05772561579942703,0.017503416165709496,0.016944272443652153,0.014898305758833885,0.0,0.0,0.008598851971328259,0.0,0.0,0.00035268208011984825,0.0,0.0,0.0,0.0,0.0,0.0,0.0014696256257593632,0.0013986271806061268,0.0,0.0,0.02707596868276596,0.0,0.0,0.0,0.2280006855726242,0.0,0.0,0.0,0.0,0.0,0.07893125712871552
103,3.433333333333333,0.0,0.0,0.0,0.0,0.0,0.0,0.018168052658438683,0.0,0.0,0.0,0.0,0.0,0.0,0.01759008690714836,0.027098843827843666,0.0,0.015292069874703884,0.0,0.0,0.022706836462020874,0.0,0.0,0.007786212023347616,0.09368078410625458,0.10935236513614655,0.0017557548126205802,0.0,0.016040852293372154,0.018886342644691467,0.006693270988762379,0.007490694522857666,0.058559030294418335,0.0,0.08146888762712479,0.061172910034656525,0.00736954202875495,0.01167256385087967,0.0,0.0,0.057850029319524765,0.0570237897336483,0.01663948968052864,0.0162638109177351,0.011142370291054249,0.0,0.0,0.01506966631859541,0.0,0.0,0.0003518818994052708,0.0,0.0,0.0,0.0,0.0,0.0,0.003198247170075774,0.0012123547494411469,0.0,0.0,0.03672806918621063,0.0,0.0,0.0,0.2963264286518097,0.0003030747175216675,0.0,0.0,0.0,0.0,0.13069278001785278
104,3.466666666666667,0.0,0.0,0.0,0.0,0.0,0.0,0.01477543544024229,0.0,0.0,0.0,0.0,0.0,0.0,0.014213903807103634,0.04685954377055168,0.0,0.012925001792609692,0.0,0.0,0.048384640365839005,0.008252150379121304,0.0,0.00713586900383234,0.09838801622390747,0.11140433698892593,0.0015860043931752443,0.0,0.017094694077968597,0.019320152699947357,0.006481766235083342,0.0073123835027217865,0.040660589933395386,0.0,0.09939135611057281,0.06230552867054939,0.007298539858311415,0.010446830652654171,0.0,0.00043510296382009983,0.06108842417597771,0.060398418456315994,0.017007069662213326,0.016861163079738617,0.008688284084200859,0.0,0.0,0.019227901473641396,0.0,0.0,0.00040496542351320386,0.0,0.0,0.0,0.0,0.0,0.0,0.036442000418901443,0.0007097870111465454,0.0,0.0,0.04600943252444267,0.0,0.0,0.0,0.42369359731674194,0.00048649124801158905,0.0,0.0,0.0,0.0,0.2721427381038666
105,3.5,0.0,0.0,0.0,0.0,0.0,0.0,0.013296537101268768,0.0,0.0,0.0,0.0,0.0,0.0,0.01273355633020401,0.04550202190876007,0.0,0.01323954202234745,0.0,0.0,0.04194451496005058,0.002866443246603012,0.0,0.007269514258950949,0.11082401126623154,0.12166984379291534,0.001099573215469718,0.0,0.018623478710651398,0.02039177343249321,0.006064917426556349,0.006870747543871403,0.03209991380572319,0.0,0.10755316913127899,0.06694431602954865,0.00289533450268209,0.0054514119401574135,0.0,0.0010944085661321878,0.07004494220018387,0.06983477622270584,0.017320260405540466,0.017018580809235573,0.006912768818438053,0.0,0.0,0.01785578951239586,0.0,0.0,0.0019120682263746858,0.0016302202129736543,0.0,0.0,0.0,0.0,0.0,0.12755954265594482,0.00018107052892446518,0.0,0.0,0.046933624893426895,0.0,0.0,0.0,0.6413040161132812,0.0,0.0,0.0,0.0,0.0,0.556690514087677
106,3.533333333333333,0.0,0.0,0.0,0.0,0.0,0.0,0.01290387287735939,0.0,0.0,0.0,0.0,0.0,0.0,0.012274500913918018,0.04015437886118889,0.0,0.012055894359946251,0.0,0.0,0.07427500933408737,0.030785607174038887,0.0,0.007714428007602692,0.10887421667575836,0.1176985502243042,0.0011430376907810569,0.0,0.017043709754943848,0.01876562088727951,0.00523017905652523,0.006143968552350998,0.022958703339099884,0.0,0.10245797783136368,0.0672130212187767,0.0017173513770103455,0.0034467175137251616,0.0,0.0014679486630484462,0.07346811890602112,0.0724470317363739,0.016043810173869133,0.01576557569205761,0.007336833048611879,0.0,0.0,0.01781575009226799,0.0,0.0,0.0023704839404672384,0.002016514539718628,0.0,0.0,0.0,0.0,0.0,0.15976430475711823,0.0010268688201904297,0.0,0.0,0.09017705917358398,0.0,0.0,0.0,0.8810257315635681,0.0004036352038383484,0.0,0.0,0.0,0.0,0.8205671310424805
107,3.566666666666667,0.0,0.0,0.0,0.0,0.0,0.0,0.01227352675050497,0.0,0.0,0.0,0.0,0.0,0.0,0.011679715476930141,0.03611970320343971,0.0,0.011342776007950306,0.0,0.0,0.12729571759700775,0.0,0.0,0.00744668859988451,0.10161667317152023,0.10752882808446884,0.0006383908912539482,0.0,0.019949862733483315,0.021039564162492752,0.004833155777305365,0.005730360746383667,0.0,0.0,0.03825632110238075,0.06832057237625122,0.0,0.000372383336070925,0.0,0.0033946873154491186,0.07996140420436859,0.07931514829397202,0.013337108306586742,0.012704042717814445,0.008334710262715816,0.0,0.0,0.012024405412375927,0.0,0.0,0.005291990470141172,0.005164483096450567,0.0,0.0,0.0,0.0,0.0,0.1044250875711441,0.00133591890335083,0.0,0.0,0.17456042766571045,0.0,0.0,0.0,1.0816494226455688,0.002579726278781891,0.0,0.0,0.0,0.0,0.9728707671165466
108,3.6,0.0,0.0,0.0,0.0,0.0,0.0,0.013160569593310356,0.0,0.0,0.0,0.0,0.0,0.0,0.012701363302767277,0.050219450145959854,0.0,0.017047440633177757,0.09218069165945053,0.0,0.07719145715236664,0.0,0.0,0.006018591113388538,0.10375266522169113,0.10907279700040817,0.0,0.0,0.03179778531193733,0.03202856704592705,0.009805153124034405,0.010514671914279461,0.0,0.0,0.0,0.07215240597724915,0.0,0.0011393579188734293,0.019433915615081787,0.02402368187904358,0.07958868891000748,0.08047234266996384,0.009205888025462627,0.007908541709184647,0.011453922837972641,0.0,0.0002572728553786874,0.0,0.0,0.0,0.0006603584042750299,0.0010009853867813945,0.0,0.0,0.0,0.0,0.0,0.06100913882255554,0.0042577083222568035,0.0,0.0,0.21402402222156525,0.0,0.0,0.0,1.129642367362976,0.004677890799939632,0.0,0.03440667688846588,0.0,0.0,0.9892844557762146
109,3.6333333333333333,0.0,0.0,0.0,0.0,0.0,0.0,0.013679582625627518,0.0,0.0,0.0,0.0,0.0,0.0,0.013236084952950478,0.0654854103922844,0.0,0.017478784546256065,0.14849518239498138,0.0,0.1046501100063324,0.0,0.0,0.0060973213985562325,0.08470376580953598,0.09072529524564743,0.0,0.0,0.027428966015577316,0.027785809710621834,0.009534444659948349,0.010125036351382732,0.0,0.0,0.0,0.06961393356323242,0.0,0.00035841562203131616,0.02269839681684971,0.026667172089219093,0.07428950071334839,0.07573764771223068,0.007483252324163914,0.006163881625980139,0.010839014314115047,0.0,0.0003564945072866976,0.0,0.0,0.0,0.0,0.00036567982169799507,0.0,0.0,0.0,0.0,0.0,0.01615893840789795,0.007175561971962452,0.0,0.0,0.2281949818134308,0.0,0.0,0.0,1.0615266561508179,0.005914096254855394,0.0,0.06415006518363953,0.0,0.0,0.9004091024398804
110,3.6666666666666665,0.0,0.0,0.0,0.0,0.0,0.0,0.016068989410996437,0.0,0.0,0.0,0.0,0.0,0.0,0.015573381446301937,0.06867322325706482,0.0,0.017968982458114624,0.1743292659521103,0.0,0.10111482441425323,0.0,0.0,0.006053393706679344,0.07641925662755966,0.08244827389717102,5.210298331803642e-05,0.0,0.02419099025428295,0.024689774960279465,0.00952930562198162,0.010113026015460491,0.0,0.0,0.0,0.0667499229311943,0.0,0.0,0.023871494457125664,0.027723727747797966,0.0697769820690155,0.07134963572025299,0.006309014279395342,0.004816991277039051,0.008563301526010036,0.0,0.0005011179018765688,0.0,0.0,0.0,0.0,0.00022587832063436508,0.0,0.0,0.0,0.0,0.0,0.011569440364837646,0.005664047319442034,0.0,0.0,0.1852664351463318,0.0,0.0,0.0,0.8913055062294006,0.005095909349620342,0.0,0.05431588739156723,0.0,0.0,0.7216323614120483
111,3.7,0.0,0.0,0.0,0.0,0.0,0.0,0.017641540616750717,0.0,0.0,0.0,0.0,0.0,0.0,0.017169475555419922,0.06496822088956833,0.0,0.019533203914761543,0.23238013684749603,0.0,0.046957604587078094,0.0,0.0,0.004998452961444855,0.07681375741958618,0.08026453107595444,0.0,0.0,0.021923348307609558,0.022091485559940338,0.010626225732266903,0.0111419428139925,0.0,0.0,0.0,0.06529928743839264,0.0,0.00019957905169576406,0.026967987418174744,0.03140924498438835,0.06585975736379623,0.06725285947322845,0.005639199633151293,0.004002527333796024,0.00803091749548912,0.0,0.000600973900873214,0.0,0.0,0.0,0.0,0.0,0.0,0.0,0.0,0.0,0.0,0.013485819101333618,0.002622464904561639,0.0,0.0,0.11696246266365051,0.0,0.0,0.0,0.6424773335456848,0.003360752947628498,0.0,0.02860325574874878,0.0,0.0,0.46652641892433167
112,3.7333333333333334,0.0,0.0,0.0,0.0,0.0,0.0,0.019525926560163498,0.0,0.0,0.0,0.0,0.0,0.0,0.0190828088670969,0.05271989852190018,0.0,0.017689669504761696,0.22011961042881012,0.0,0.011254820041358471,0.0,0.0,0.0040824455209076405,0.07222922891378403,0.07450886815786362,0.0,0.0,0.018695970997214317,0.018637733533978462,0.010137195698916912,0.010611822828650475,0.0,0.0,0.0,0.06405415385961533,0.0,0.0,0.023544063791632652,0.027967004105448723,0.06477086991071701,0.06668363511562347,0.005626253318041563,0.0039133345708251,0.006060566753149033,0.0,0.0006702382233925164,0.0,0.0,0.0,0.0,0.0,0.0,0.0,0.0,0.0,0.0,0.0,0.005211286246776581,0.0,0.0,0.08909700810909271,0.0,0.0,0.0,0.471091091632843,0.0031473562121391296,0.0,0.0518655851483345,0.0,0.0,0.3088012933731079
113,3.7666666666666666,0.0,0.0,0.0,0.0,0.0,0.0,0.019145967438817024,0.0,0.0,0.0,0.0,0.0,0.0,0.018715564161539078,0.03378487005829811,0.0,0.014328183606266975,0.17209623754024506,0.0,0.028233984485268593,0.0,0.0,0.004554014652967453,0.054378706961870193,0.056954581290483475,0.0002350763388676569,0.0,0.010693063028156757,0.011084216646850109,0.007219504565000534,0.007650359068065882,0.0,0.0,0.0,0.05685241147875786,0.0,0.0,0.017004696652293205,0.020350294187664986,0.06273739784955978,0.0644962415099144,0.004828884731978178,0.00325025524944067,0.004031400661915541,0.0,0.0006773617933504283,0.0,0.0,0.0,0.0,0.000246572308242321,0.0,0.0,0.0,0.0,0.0,0.0,0.003052901476621628,0.0,0.0,0.058964405208826065,0.0,0.0,0.0,0.36095237731933594,0.0018334295600652695,0.0,0.02654966525733471,0.0,0.0,0.19576235115528107
114,3.8,0.0,0.0,0.0,0.0,0.0,0.0,0.0175563283264637,0.0,0.0,0.0,0.0,0.0,0.0,0.017217781394720078,0.015175635926425457,0.0,0.012776495888829231,0.13925014436244965,0.0,0.0,0.0,0.0,0.004019973333925009,0.04438556358218193,0.04716385155916214,0.0003781963896472007,0.0,0.005526584107428789,0.006073515862226486,0.006217494606971741,0.006560597103089094,0.0,0.0,0.0,0.05204267427325249,0.0,0.0,0.01144095417112112,0.014156765304505825,0.057853084057569504,0.05987343192100525,0.0037877080030739307,0.002344856271520257,0.002874695463106036,0.0,0.0006680915248580277,0.0,0.0,0.0,6.429753557313234e-05,0.00038004553061909974,0.0,0.0,0.0,0.0,0.0,0.013829050585627556,0.0011156275868415833,0.0,0.0,0.04130517318844795,0.0,0.0,0.0,0.3288397789001465,0.0004928093403577805,0.0,0.0,0.0,0.0,0.17399023473262787
115,3.8333333333333335,0.0,0.0,0.0,0.0,0.0,0.0,0.014134392142295837,0.0,0.0,0.0,0.0,0.0,0.0,0.013848992064595222,0.0,0.0,0.01583069935441017,0.14841672778129578,0.0,0.0,0.0,0.0,0.0021207553800195456,0.10123196989297867,0.09878691285848618,0.0,0.0,0.013263479806482792,0.012241070158779621,0.013141383416950703,0.013314299285411835,0.06575367599725723,0.0008505570003762841,0.0,0.04417771100997925,0.0,0.0,0.0,0.0013803831534460187,0.02628258243203163,0.028083709999918938,0.003605020698159933,0.0021002201829105616,0.0016818803269416094,0.0,0.0004549195582512766,0.0,0.0,0.0,0.0,0.0,0.0,0.0,0.0,0.0,0.0,0.011191822588443756,0.001963261514902115,0.0,0.0,0.03789633512496948,0.0,0.0,0.0,0.289153516292572,3.2611191272735596e-05,0.0,0.0,0.0,0.0,0.14856132864952087
116,3.8666666666666667,0.0,0.0,0.0,0.0,0.0,0.0,0.009970170445740223,0.0,0.0,0.0,0.0,0.0,0.0,0.009753302671015263,0.0,0.0,0.016100836917757988,0.09749037027359009,0.0,0.0,0.0,0.0,0.002785486401990056,0.0860331580042839,0.08611293882131577,0.0,0.0,0.012633615173399448,0.012190263718366623,0.01158470381051302,0.011762219481170177,0.050545815378427505,0.0,0.0,0.04466326907277107,0.0,0.0,0.0,0.001409195247106254,0.030556831508874893,0.032102715224027634,0.005858355667442083,0.00459154462441802,0.0,0.0,0.0001898561604321003,0.0,0.0,0.0,0.0,0.0,0.0,0.0,0.0,0.0,0.0,0.014959821477532387,0.0008550122729502618,0.0,0.0,0.02345876581966877,0.0,0.0,0.0,0.24958878755569458,0.0,0.0,0.0,0.0,0.0,0.10884290188550949
117,3.9,0.0,0.0,0.0,0.0,0.0,0.0,0.008713849820196629,0.0,0.0,0.0,0.0,0.0,0.0,0.008493448607623577,0.0,0.0,0.013383934274315834,0.036160439252853394,0.0,0.0,0.0,0.0,0.0034626906272023916,0.06352139264345169,0.06738997250795364,0.0,0.0,0.010192185640335083,0.010502799414098263,0.008246032521128654,0.00847991369664669,0.0549590028822422,0.0,0.0,0.04191119968891144,0.0034669924061745405,0.0026283571496605873,0.0,0.0002706441446207464,0.03028661571443081,0.03209364041686058,0.007074703928083181,0.006231236271560192,0.0,0.0,0.0,0.0,0.0,0.0,0.0,0.0,0.0,0.0,0.0,0.0,0.0,0.0,0.0014139825943857431,0.0,0.0,0.017544971778988838,0.0,0.0,0.0,0.20000000298023224,0.0,0.0,0.003350434359163046,0.0,0.0,0.048804767429828644
118,3.933333333333333,0.0,0.0,0.0,0.0,0.0,0.0,0.005843828432261944,0.0,0.0,0.0,0.0,0.0,0.0,0.005700856912881136,0.0,0.0,0.010957623831927776,1.4049699530005455e-05,0.0,0.0,0.0,0.0,0.0026622475124895573,0.07049130648374557,0.07305015623569489,0.0,0.0,0.0125662200152874,0.01253456436097622,0.0089639350771904,0.009229960851371288,0.068269744515419,0.0,0.0,0.03818582370877266,0.0060609872452914715,0.006004072725772858,0.0,0.0,0.024382926523685455,0.025100460276007652,0.008939146995544434,0.008080183528363705,0.0,0.0,0.0,0.0,0.0,0.0,0.0,0.0,0.0,0.0,0.0,0.0,0.0,0.0,0.0,0.0,0.0,0.014380216598510742,0.0,0.0,0.0007358323782682419,0.20000000298023224,0.0,9.248818969354033e-06,0.0,0.0058117457665503025,0.07490760087966919,0.12261641770601273
119,3.966666666666667,0.0,0.0,0.0,0.0,0.0,0.0,0.0030312417075037956,0.0,0.0,0.0,0.0,0.0,0.0,0.0029646330513060093,0.0,0.0,0.009015548042953014,0.0,0.0,0.0,0.0,0.0,0.0022784217726439238,0.0595286563038826,0.06263407319784164,0.0,0.0,0.009232253767549992,0.009340348653495312,0.006714008282870054,0.006930103991180658,0.05963911861181259,0.0,0.061183344572782516,0.03168892115354538,0.007984817028045654,0.008202425204217434,0.0,0.0,0.02149224281311035,0.02182895690202713,0.009485072456300259,0.008770092390477657,0.0,0.0,0.0,0.0,0.0,0.0,0.0,0.0,0.0,0.0,0.0,0.0,0.0,0.0,0.0,0.0,0.0,0.010646945796906948,0.0,0.0,0.005978238768875599,0.20000000298023224,0.0,0.0011730606202036142,0.0,0.015782207250595093,0.0953991562128067,0.1327243596315384
120,4.0,0.0,0.0,0.0,0.0,0.0,0.0,0.00032464327523484826,0.0,0.0,0.0,0.0,0.0,0.0,0.0003154267615173012,0.004841287154704332,0.0,0.006473330315202475,0.0,0.0,0.0,0.0,0.0,0.0015500937588512897,0.050119902938604355,0.052782803773880005,0.0,0.0,0.00746751157566905,0.007476634345948696,0.005266801919788122,0.005427025258541107,0.05515372380614281,0.0,0.07101114094257355,0.02517022006213665,0.006218138616532087,0.006692716386169195,0.0,0.0,0.016717201098799706,0.016993194818496704,0.009934716857969761,0.009334889240562916,0.0011318514589220285,0.0,0.0,0.0,0.0,0.0,0.0,0.0,0.0,0.0,0.0,0.0,0.0,0.0,0.0,0.0,0.0,0.0015026459004729986,0.0,0.0,0.0,0.20000000298023224,0.0,0.0012728950241580606,0.0,0.011857034638524055,0.026804732158780098,0.031136702746152878
121,4.033333333333333,0.0015562271000817418,0.0,0.0,0.0,0.0,0.0,0.0,0.001529634464532137,0.0,0.0,0.0,0.0,0.0,0.0,0.00889894925057888,0.0,0.003947643097490072,0.0,0.0,0.0,0.0,0.0,0.001257660216651857,0.029300494119524956,0.03204767033457756,3.66321655747015e-05,0.0,0.0045453463681042194,0.0046845488250255585,0.003070580307394266,0.003205610206350684,0.039082616567611694,0.0,0.05623787268996239,0.018077168613672256,0.0037665627896785736,0.004211259074509144,0.0,0.0,0.01328839547932148,0.01346250344067812,0.009069535881280899,0.00873509794473648,0.004120601806789637,0.0,0.0,1.4746556189493276e-05,0.0,0.0,0.0,0.0,0.0,0.0,0.0,0.0,0.0,0.0,0.0,0.0,0.0,0.00368832447566092,0.0,0.0,0.001644084695726633,0.20000000298023224,0.0,0.0020234654657542706,0.0,0.018883273005485535,0.0768597349524498,0.09169498085975647
122,4.066666666666666,0.003990009892731905,0.0,0.0,0.0,0.0,0.0,0.0,0.0038825715892016888,0.0,0.0,0.0,0.0,0.0,0.0,0.008502957411110401,0.0,0.002393203554674983,0.0,0.0,0.0,0.0,0.0,0.0009390499326400459,0.011846346780657768,0.01443383377045393,0.000234989493037574,0.0,0.0013197651132941246,0.0015448180492967367,0.0016586137935519218,0.0017484616255387664,0.021745700389146805,0.0,0.032055892050266266,0.012795365415513515,0.0017631947994232178,0.001979613211005926,0.0,0.0,0.010089236311614513,0.010301272384822369,0.0070328968577086926,0.006808333098888397,0.0056858183816075325,0.0,0.0,0.001415258040651679,0.0,0.0,0.0,0.0,0.0,0.0,0.0,0.0,0.0,0.0,0.0,0.0,0.0,0.0008259474416263402,0.0,0.0,0.0021489018108695745,0.20000000298023224,0.0,0.0013851982075721025,0.0,0.0128003666177392,0.044526755809783936,0.048407115042209625
123,4.1,0.004230200778692961,0.0,0.0,0.0,0.0,0.0,0.0,0.0041352929547429085,0.0,0.0,0.0,0.0,0.0,0.0,0.0060692597180604935,0.0,0.0015716439811512828,0.0,0.0,0.0003718712832778692,0.0,0.0,0.0006574114668183029,0.0012177928583696485,0.0036059271078556776,0.00026471001910977066,0.0,0.00011003667896147817,0.00034911587135866284,0.0009248784044757485,0.0009451977093704045,0.009660957381129265,0.0,0.00893603265285492,0.00785890407860279,0.00013036896416451782,0.0005590879591181874,0.0,0.0,0.006165319588035345,0.006430971901863813,0.0047449953854084015,0.004645724315196276,0.006732826121151447,0.0,0.0,0.001399615895934403,0.0,1.565309867146425e-05,0.0,0.0,0.0,0.0,0.0,0.0,0.0,0.0,0.0,0.0,0.0,0.0,0.0,0.0,0.0,0.20321449637413025,0.0,0.0009851851500570774,0.0027889448683708906,0.010779095813632011,0.01345628872513771,0.012924269773066044
124,4.133333333333334,0.0037581215146929026,0.0,0.0,0.0,0.0,0.0,0.0,0.003758307546377182,0.0,0.0,0.0,0.0,7.61830888222903e-05,0.0,0.003529852256178856,0.0,0.0010115198092535138,0.0018757641082629561,0.0,0.005134302191436291,0.0,0.0,0.0004502402734942734,0.0,0.0014134426601231098,0.0007509861025027931,0.00057060836115852,0.0,8.34672391647473e-05,0.0006017301930114627,0.0005553046939894557,0.00555231561884284,0.0,0.0,0.0034967553801834583,0.0,0.000414084002841264,0.0002472479536663741,0.0,0.0006525016506202519,0.001015052548609674,0.0033207214437425137,0.0033978403080254793,0.006154678296297789,0.0,0.0,0.001124805654399097,0.0,3.7770958442706615e-05,0.0,0.0,0.0,0.0,0.0,0.0,0.0,0.006891018245369196,0.0,0.0,0.0,0.0,0.0,0.0,0.0,0.21849074959754944,0.0,0.000896694662515074,0.0,0.009323998354375362,0.0,0.021800292655825615
125,4.166666666666667,0.002516181441023946,0.0,0.0,0.0,0.0,0.0,0.0,0.002579777967184782,0.0,0.0,0.0,0.0,0.0,0.0,0.003535213880240917,0.0,0.00043242439278401434,0.0047983331605792046,0.0,0.008063282817602158,0.0,0.0,0.000273500889306888,0.0,0.001046879799105227,0.0010309008648619056,0.0009498220169916749,0.0,0.0,0.0003260043740738183,0.00026435713516548276,0.005175114143639803,0.0,0.0,0.0035359137691557407,0.0,0.0001681986468611285,0.0002513870713301003,0.0,0.0013181846588850021,0.001737798796966672,0.002739403396844864,0.0027715982869267464,0.004681977443397045,0.0,0.0,0.0009666953119449317,0.0,5.949037222308107e-05,0.0,0.0,0.0,0.0,0.0,0.0,0.0,0.010446405969560146,0.0,0.0,0.0,0.0,0.0,0.0,0.0,0.22026965022087097,0.0,0.0008451956091448665,0.0,0.009092585183680058,0.0,0.031057842075824738
126,4.2,0.0016646626172587276,0.0,0.0,0.0,0.0,0.0,0.0,0.0017197959823533893,0.0,0.0,0.0,0.0,0.0,0.0,0.0018655332969501615,0.0,9.310703899245709e-05,0.002277702558785677,0.0,0.004551559220999479,0.0009503400069661438,0.0,0.00015121563046704978,0.0,0.000664390332531184,0.0013954626629129052,0.0013718180125579238,0.0,0.0,0.00012083318142686039,6.735643546562642e-05,0.005648011341691017,0.0,0.0004778528236784041,0.001844611600972712,0.0,0.00012993339623790234,0.00023472400789614767,0.0,0.0,0.00029547448502853513,0.00318128801882267,0.0032197239343076944,0.0043409401550889015,0.0,0.0,0.0007042717770673335,0.0,3.755200305022299e-05,0.0,0.0,0.0,0.0,0.0,0.0,0.0,0.005873516667634249,0.0,0.0,0.0,0.0,0.0,0.0,0.0,0.21525916457176208,0.0,0.0005045926664024591,0.0,0.005747963674366474,0.0,0.01836550049483776
